half-life,sdc,sdx,sa,dga,dgp,dgtot
0.0,9.8552,1.4451,4.4407,-15.1209,-91.0733,-102.926
0.0,10.5434,1.86,3.9123,-0.6207,-87.0005,-78.0453
0.0,11.2778,4.349,6.1046,-5.9421,-127.1204,-133.0625
0.07136054421768707,9.6074,0.0,4.0735,-4.8883,-85.2403,-65.9875
0.4188435374149659,12.5021,0.7695,4.3495,-9.0414,-101.7394,-94.9718
0.03884353741496599,5.9656,2.5538,4.0526,-14.3215,-82.4251,-95.903
0.0,12.209,0.9895,5.3171,-3.0561,-113.4501,-89.5322
0.027210884353741496,7.9184,4.0103,6.4522,-3.4276,-127.3051,-120.1778
0.027210884353741496,9.8372,1.5589,4.1345,-13.6347,-87.4787,-101.1134
0.03401360544217687,11.4512,1.5334,4.9066,0.8626,-97.159,-84.6428
0.008435374149659867,9.1063,1.0239,4.0386,-3.5703,-92.1831,-84.4449
0.4395238095238095,9.7427,2.0643,5.1361,-31.603,-96.87,-125.8229
0.21768707482993196,13.3094,1.0013,5.8347,-16.0586,-117.1569,-107.755
0.0,13.2001,1.0393,6.0566,-0.9868,-132.5507,-98.8976
0.03748299319727891,9.9652,3.4285,6.1465,-13.1121,-124.6219,-132.7973
0.03748299319727891,5.7818,1.8955,3.1262,-10.8271,-65.6994,-73.0914
0.04081632653061225,12.7777,0.974,5.4016,-1.9521,-115.5539,-89.1567
0.04306122448979592,7.6036,1.1938,4.1708,-8.0587,-95.1928,-85.0774
0.5510204081632653,7.2675,0.0,1.6833,-6.0166,-32.7664,-38.7829
0.5721088435374149,12.8468,1.3742,7.1933,-7.4747,-136.61,-126.8379
0.5721088435374149,5.3026,1.8327,2.6396,-5.6252,-58.0937,-63.7189
0.6462585034013605,9.3992,3.4633,5.6947,-5.2442,-112.5456,-117.9634
0.6757142857142856,10.4189,1.7323,3.8209,-19.7304,-84.9635,-104.6939
0.6938775510204082,14.2087,3.6089,7.3947,0.3479,-154.761,-136.8902
0.8165306122448979,11.3129,0.9155,3.1292,-22.0005,-70.7431,-88.8725
0.8299319727891156,11.2461,2.5814,7.1557,-8.2988,-140.2178,-112.4723
0.0,8.7147,1.2789,4.0865,-12.946,-82.1111,-91.3647
0.0,14.4067,0.8374,5.1344,2.4506,-111.8077,-105.0247
0.07346938775510205,9.5252,0.945,2.6601,-10.8206,-63.8705,-74.6911
0.002108843537414966,12.4739,1.6642,6.7375,-12.2335,-130.248,-126.5015
0.006666666666666668,13.0558,0.9131,4.5603,-25.4044,-91.2523,-100.383
0.0,7.4178,1.1008,3.7215,-10.198,-83.4799,-82.2345
0.22095238095238093,5.3424,0.0,1.9406,-6.998,-43.7309,-44.9309
0.18034013605442178,4.0595,1.5079,2.4392,-13.8364,-43.9203,-58.0115
0.21006802721088436,11.0792,0.7332,5.5212,-5.229,-109.2294,-92.5125
0.22095238095238093,13.9865,0.6965,6.8728,-10.2269,-133.9028,-120.2214
0.08020408163265305,9.5323,1.9511,4.5183,-2.9003,-99.8071,-95.8637
1.0,3.9841,1.6407,2.7764,-7.8322,-54.759,-60.1855
1.0,8.1806,1.5509,3.4251,-9.106,-70.6901,-78.6585
1.0,9.5306,1.3139,4.6641,-11.8753,-90.3397,-96.6167
1.0,11.8083,1.6772,4.6793,-7.6274,-101.9271,-104.3065
1.0,8.644,0.7976,4.3485,-9.3454,-83.0179,-73.1898
0.04020408163265306,15.9284,2.5647,7.5122,-3.0394,-145.4352,-122.5075
0.047619047619047616,11.2061,1.5224,5.0325,3.0678,-99.5957,-84.2492
0.047619047619047616,15.0574,1.2728,7.4575,-8.4044,-145.7368,-124.9912
1.0,7.632,0.6158,3.4111,-10.6613,-63.6542,-66.1823
1.0,5.0929,0.6656,2.3403,-7.9797,-47.8956,-52.9067
1.0,6.3877,0.0,1.8902,-2.4338,-39.731,-33.9864
1.0,7.261,0.0,2.6412,-4.3683,-55.2257,-54.5104
1.0,10.4488,0.5607,3.9,-10.9416,-79.5609,-74.583
1.0,5.5957,1.5685,3.4489,-13.7414,-67.5433,-79.3233
1.0,6.9206,0.0,2.1296,-13.5139,-44.95,-47.5295
1.0,15.4391,0.5874,6.0365,-7.2372,-129.4381,-106.4548
0.03748299319727891,13.5357,1.5383,7.3509,-16.2476,-141.6713,-135.7695
0.046054421768707485,3.1181,2.0807,2.6157,-8.0757,-52.2135,-57.5812
0.42904761904761896,8.2084,0.8042,2.6431,4.5741,-59.7775,-55.2034
0.061224489795918366,11.5692,1.5983,5.8678,-6.2562,-117.7528,-114.3009
0.0,11.2061,1.5224,5.0325,3.0678,-99.5957,-84.2492
0.0,10.314,3.9962,5.4648,-8.224,-114.1002,-124.2119
0.06136054421768708,3.7145,1.5213,2.5252,-6.1909,-47.6657,-53.7894
0.0672108843537415,6.8019,1.7297,3.5682,-12.9469,-71.1131,-84.06
0.0,10.8001,0.7824,5.4092,-12.7092,-104.7665,-96.8956
0.07333333333333333,13.5892,0.8578,5.2157,2.8528,-113.4085,-104.4221
0.07482993197278912,10.0557,3.1092,5.5585,-4.0919,-116.2028,-116.3457
0.2697959183673469,9.6259,1.4345,6.2737,-28.9691,-113.5232,-129.2604
0.2765306122448979,14.4745,1.5041,4.2111,-9.1581,-96.1019,-105.26
0.3401360544217687,11.1786,1.4812,4.8909,4.1809,-96.1229,-80.293
0.05251700680272109,12.8494,2.311,7.1408,-6.6607,-140.1529,-123.9714
0.0,10.2457,0.5265,4.3335,-7.171,-77.7511,-81.5014
0.0,6.3911,0.753,3.4614,-4.8553,-74.5807,-68.3575
0.0,9.6775,1.9651,5.1912,-8.7513,-110.2824,-105.7612
0.0,13.6175,0.8747,5.3642,-3.8822,-111.2676,-110.4135
0.0,11.6856,1.0414,5.2775,-6.4869,-118.1823,-101.13
0.27503401360544216,12.0245,1.7039,5.125,0.0902,-109.7969,-101.4761
0.32054421768707475,10.7269,1.7962,5.0852,-11.0832,-105.7943,-97.561
0.3621088435374149,10.5977,0.6663,2.6185,-7.9869,-58.2829,-61.5055
0.012176870748299321,8.5722,1.7286,4.5171,-9.3354,-93.8675,-85.0901
0.013605442176870746,12.2891,1.5213,5.4262,2.4825,-108.533,-93.7319
0.02040816326530612,12.9224,0.9864,5.2821,-27.0205,-103.0938,-127.0015
0.022517006802721087,7.0842,1.4935,3.4182,2.266,-69.9699,-61.4661
0.024557823129251703,10.318,0.0,2.4314,-3.8707,-56.6413,-50.9264
0.0010884353741496613,14.3928,1.3361,6.4805,-20.7163,-136.6018,-154.0328
0.0013605442176870784,7.3104,0.7992,3.9092,-9.3654,-74.2589,-79.5527
0.002108843537414966,9.992,1.8429,5.6751,4.9908,-111.5741,-106.5832
0.002108843537414966,8.4121,0.9899,2.6456,-17.6714,-50.0109,-59.209
0.0037414965986394544,11.3984,0.6879,5.1431,-15.8863,-104.5561,-98.2285
0.14278911564625849,6.3911,0.753,3.4614,-4.8553,-74.5807,-68.3575
0.16326530612244897,9.9118,1.5282,4.7338,-1.2994,-93.2733,-84.0005
0.4395238095238095,5.6553,2.5355,4.8446,-19.8179,-92.1645,-106.704
0.5721088435374149,12.3266,0.0,5.1709,-16.4182,-101.6583,-82.0058
1.0,11.3333,0.6799,4.0562,-8.5943,-85.4197,-82.7503
0.09523809523809523,11.3648,1.4841,4.6036,-9.275,-92.7565,-91.9258
0.0,13.7775,3.7761,5.6846,-12.5081,-126.7144,-129.1385
0.0,6.4803,2.6163,3.4272,-9.2322,-72.3528,-77.413
0.07136054421768707,12.3809,1.656,7.3522,-12.6674,-136.565,-124.247
0.3333333333333333,11.9027,1.5752,5.846,-14.8528,-116.5765,-113.4051
0.04081632653061225,9.5833,3.6267,5.531,0.6531,-112.011,-112.5713
1.0,6.9506,0.0,2.1562,-3.873,-43.1596,-46.0937
0.0,9.8905,3.7865,6.0217,1.5953,-123.4247,-123.1124
0.0,7.2928,2.3333,4.6019,-7.231,-89.0439,-91.3927
0.0,4.8385,2.3021,3.2367,-14.7075,-61.8855,-76.593
0.07346938775510205,6.3124,1.1039,2.5687,-5.6408,-46.7122,-47.3611
0.04306122448979592,12.0005,0.0,4.5459,-3.7989,-95.4422,-75.2575
0.046054421768707485,11.4485,0.6,5.0851,-11.4826,-103.2784,-97.7015
0.04625850340136055,8.5896,1.879,4.5173,-11.227,-95.8354,-96.4424
0.4502040816326531,13.6894,1.1894,5.849,-11.4788,-115.2652,-115.609
0.4502040816326531,9.6364,1.6592,2.4254,-14.3623,-59.212,-73.5743
0.0,8.4724,0.0,3.93,-15.0982,-80.0545,-75.4365
0.0,4.4728,0.8054,1.6504,-4.9585,-34.0115,-38.9701
0.0,11.5028,1.5353,6.0078,-9.3549,-118.838,-122.0801
0.0,8.9639,3.9235,5.6747,3.7227,-116.3415,-113.8577
0.0,8.1305,0.0,2.9966,-12.4804,-57.9542,-63.1499
0.0,14.0867,0.6433,6.4302,-8.4606,-125.0056,-114.1384
0.1292517006802721,10.314,3.9962,5.4648,-8.224,-114.1002,-124.2119
0.0,9.0347,3.1897,6.6343,-12.8887,-123.3561,-129.9006
0.0,9.1009,3.445,5.8355,-9.3754,-122.2807,-128.604
0.0,11.8047,0.5818,5.494,-10.4203,-104.6852,-101.1004
0.0,12.8494,2.311,7.1408,-6.6607,-140.1529,-123.9714
0.0,8.9836,0.8132,3.2041,-7.3498,-73.164,-69.5393
0.0,10.0616,0.5084,4.0349,-10.8489,-81.2057,-79.476
0.0,11.0945,2.8914,6.2422,4.0318,-124.3673,-116.8358
0.0,12.7597,0.0,4.3906,-1.3223,-94.6603,-64.2682
0.0,13.4906,2.3429,7.9486,-8.6126,-152.0664,-136.4931
0.16272108843537417,7.4294,0.4602,2.1964,-9.0785,-43.8355,-52.914
0.5102040816326531,10.6172,3.6623,5.5864,-5.8937,-116.7389,-123.8155
0.08496598639455782,18.5951,2.2801,9.4791,0.1334,-197.5846,-167.7888
0.08843537414965986,9.9711,2.8966,6.6703,-11.2021,-130.613,-130.0319
0.11530612244897959,7.735,4.0927,6.3571,-10.8928,-127.5254,-124.7865
0.011564625850340137,12.761,0.9436,5.1438,-1.0256,-110.4518,-96.5588
0.012925170068027212,7.3949,2.6049,4.2592,-7.5435,-86.4043,-85.0287
0.014489795918367344,11.5058,1.4429,5.8707,-18.8692,-111.3813,-121.4634
0.47238095238095235,13.6982,1.2772,5.919,-17.8602,-120.3916,-119.6441
0.49564625850340127,8.7379,0.9335,4.9053,-9.4021,-92.2431,-83.9691
0.0,12.0239,1.5375,5.456,5.1887,-109.1471,-90.6813
0.0,12.2532,0.9994,5.184,-2.9408,-112.2508,-101.6855
0.0,4.5016,3.1657,4.2072,-5.2305,-75.4645,-67.3628
0.0,13.7723,2.5864,8.5213,-7.8188,-159.6552,-135.4747
0.0,7.3504,1.7657,4.7833,-8.9446,-96.9178,-102.4719
0.0,8.3245,0.7543,4.0359,-16.9171,-80.0316,-84.8787
0.0,11.7219,0.888,4.5641,-1.8279,-97.9706,-89.2907
0.0,13.7899,0.9491,5.2409,0.5315,-114.5976,-110.0451
0.0,13.3354,0.9451,4.9608,1.3149,-107.6981,-102.2168
0.0,12.8388,0.8411,4.634,2.1092,-99.2557,-92.1299
0.0,8.5564,0.7755,3.1225,-12.1224,-71.4074,-76.7247
0.015306122448979591,9.5218,1.6872,5.9591,-21.8265,-111.4639,-115.3334
0.057687074829931975,10.0712,2.7144,5.9158,0.2343,-123.7873,-105.3927
0.06326530612244899,9.5446,2.0009,6.1849,-16.8071,-107.5304,-121.8039
0.17129251700680273,10.1103,0.0,2.8128,-1.3559,-59.3368,-52.7054
0.0020408163265306124,6.1232,2.4517,4.8454,-5.7411,-90.7416,-93.8265
0.2504081632653061,16.8397,1.3541,8.339,-5.0309,-162.346,-141.7595
0.26129251700680267,11.9327,1.2768,5.3946,-14.067,-108.2464,-114.3286
0.27210884353741494,12.1049,3.131,6.5425,-1.9619,-134.9396,-128.5619
0.283469387755102,5.8268,2.4174,4.5726,-20.5555,-84.552,-99.3982
0.294421768707483,14.4335,2.1005,5.4712,14.5751,-123.5945,-97.1729
0.2977551020408163,5.4149,1.3493,2.627,-13.21,-49.1863,-54.6463
0.3365986394557823,14.2387,1.9729,6.2115,-2.7658,-130.5119,-123.5162
0.34489795918367344,7.4742,0.9518,2.4172,-7.8973,-56.3676,-64.2649
0.35340136054421767,6.8246,2.9645,3.8625,-10.5211,-75.7405,-86.2616
0.35340136054421767,9.4424,0.0,3.0674,-1.4161,-68.4605,-65.8501
0.4149659863945578,9.071,1.6212,4.5982,-12.5335,-91.899,-94.5816
0.4188435374149659,11.0792,0.7332,5.5212,-5.229,-109.2294,-92.5125
0.44897959183673464,4.704,2.9229,4.3195,-18.2456,-81.2322,-97.7951
0.009999999999999998,14.3712,1.5857,7.223,-6.8635,-147.3785,-127.8043
0.01142857142857143,12.7063,1.736,5.7485,0.8793,-118.234,-97.9647
0.012176870748299321,9.6426,1.7603,5.3899,-1.6578,-110.2483,-94.4149
0.01612244897959184,10.8899,1.3896,6.3579,-14.1421,-122.0479,-104.1792
0.022517006802721087,11.1497,1.1468,4.8474,-4.2727,-98.8302,-103.1029
0.04918367346938776,18.1339,2.8045,7.7773,-1.6909,-157.5958,-151.4898
0.057687074829931975,11.4355,1.6724,4.9547,-8.7086,-105.7048,-100.9703
0.07346938775510205,11.315,1.5803,6.6295,-18.3096,-125.1198,-125.0422
0.07789115646258503,12.0997,4.8799,8.8174,-4.9256,-171.2862,-151.5717
0.017006802721088437,16.6212,0.7631,7.6127,-8.6832,-155.0286,-143.2776
0.13448979591836735,6.8355,1.9085,3.1852,-14.1344,-66.0753,-80.2097
1.0,13.2867,0.0,5.2728,-8.691,-107.0596,-71.605
1.0,7.4553,0.0,1.6372,-0.0248,-35.2101,-30.8838
1.0,12.6292,0.0,4.9481,-5.7965,-97.5261,-78.4776
1.0,7.968,0.6142,3.0348,-3.0626,-65.7279,-63.7937
0.7142857142857142,9.1554,2.9255,4.8764,-6.5797,-102.3642,-110.1971
0.727891156462585,14.3822,0.0,3.7678,-13.3223,-81.2502,-68.9894
0.7788435374149659,14.1663,1.9525,6.1713,-3.8771,-129.5113,-123.4675
0.0,4.8839,0.6801,2.1451,-3.3003,-46.8553,-50.1556
0.0,8.8057,3.2909,6.2991,-3.2024,-128.8903,-117.2135
0.0,10.3087,2.9294,5.566,-0.0531,-117.0858,-113.6363
0.0,9.104,1.4761,4.8407,5.6149,-97.1148,-78.1306
0.0,13.1206,0.6734,6.2547,-13.6382,-118.3553,-112.2412
0.0,7.6496,1.0429,3.9526,-0.3158,-84.5385,-66.7648
0.006802721088435375,9.1979,1.0583,3.7838,-3.6663,-74.1863,-77.8525
1.0,6.6496,0.0,2.7559,-12.4328,-58.5376,-68.3432
0.25850340136054417,9.6427,3.5564,6.0515,-13.4574,-126.65,-140.1075
0.2925170068027211,9.1463,1.4281,3.3954,-10.5452,-66.742,-68.9792
0.38687074829931967,10.6019,1.562,4.7988,1.9345,-94.6579,-81.6854
0.5578231292517006,11.8737,0.9111,3.4699,-0.5157,-79.4312,-79.9469
0.04081632653061225,12.0818,0.9829,4.5982,-0.5253,-98.5201,-77.5589
0.04163265306122449,8.9407,2.8269,4.809,-19.3101,-98.8954,-114.8383
0.5721088435374149,4.8468,0.5941,1.6585,-3.0473,-34.722,-37.7693
0.19972789115646258,4.4904,0.6147,1.633,-4.0444,-34.3095,-38.3539
0.5986394557823129,8.7152,0.879,2.6211,2.7803,-60.6621,-46.7008
1.0,13.3101,2.227,5.905,0.3271,-121.2729,-111.6809
0.001632653061224492,11.4812,0.8599,5.6088,-20.6744,-107.8908,-115.9505
0.013673469387755103,12.7979,1.4425,6.1512,-2.6015,-130.8127,-114.3278
0.015306122448979591,7.3634,1.5165,3.1332,-13.0139,-65.0294,-78.0433
0.018707482993197282,6.6919,3.0142,5.0769,-6.3501,-97.1522,-95.3208
1.0,6.3469,1.7004,3.6509,0.2739,-72.6103,-72.3364
1.0,9.6152,0.6082,3.975,-17.1187,-77.6089,-72.8221
0.2697959183673469,14.3967,2.0349,6.1432,-7.1959,-129.6186,-127.2106
0.5199319727891156,12.4739,1.6642,6.7375,-12.2335,-130.248,-126.5015
0.23823129251700684,15.276,2.5823,8.0519,-10.9759,-164.0869,-153.6902
0.9186394557823128,11.5965,1.4958,5.8347,-8.3027,-113.4564,-108.2212
0.9251700680272108,6.0375,1.8206,3.0563,-15.2318,-63.4677,-74.7165
0.0,31.8413,15.2864,23.3987,32.1817,-452.9217,-420.74
0.0,9.3818,3.7518,5.6844,2.1822,-115.976,-115.4658
0.0,10.8556,3.3952,5.8373,-9.0153,-115.9558,-126.5951
0.0,8.7904,6.0699,8.7643,-7.9196,-175.2644,-159.597
0.0,8.2422,0.9993,3.2111,-18.7065,-59.352,-66.7287
0.0,12.829,0.7738,3.8337,-27.9738,-76.705,-97.5625
0.00795918367346939,8.2758,1.6055,4.9281,-9.3331,-99.9959,-106.32
1.0,7.2287,1.1557,2.8231,6.2619,-59.5355,-53.2735
1.0,14.6124,0.6693,6.746,2.9688,-138.9313,-95.7611
1.0,7.9386,1.0029,2.4938,-18.6546,-47.5418,-59.5376
0.2517006802721088,11.9763,2.7347,6.3462,-10.65,-130.9951,-134.0363
0.3055102040816326,10.9404,1.6708,4.7769,-8.0737,-96.5339,-94.2123
0.0836734693877551,9.0987,1.7674,4.8173,-13.5188,-97.2208,-99.3172
0.23129251700680273,9.0987,1.7674,4.8173,-13.5188,-97.2208,-99.3172
0.06802721088435375,12.0052,0.9701,4.9823,-2.1409,-106.644,-95.0272
0.629251700680272,16.8204,0.7332,7.5226,-9.8453,-156.9746,-150.4686
0.21006802721088436,11.6119,1.4269,6.0972,5.1411,-115.0999,-102.0757
0.21428571428571427,14.833,1.4363,7.0981,-5.2083,-153.4395,-144.2516
0.22659863945578232,12.4206,0.6082,5.6764,-8.1853,-108.8151,-98.6566
0.9628571428571427,7.8656,3.5249,5.0384,-3.8683,-104.4684,-102.2934
0.18034013605442178,6.0485,2.7361,4.7467,-12.0096,-98.235,-98.0949
0.10340136054421768,14.414,1.5461,5.4031,-15.9751,-115.2525,-120.6219
0.1080952380952381,7.2887,0.7963,3.7558,-11.158,-69.8648,-78.2437
0.10918367346938776,4.5901,1.5556,2.781,-11.1497,-52.8286,-63.8519
0.11292517006802721,8.1385,3.7559,5.0778,-13.7317,-102.3615,-111.948
0.11598639455782314,13.6351,2.32,6.9021,-17.1515,-138.9819,-139.9977
0.0,12.2528,0.9833,5.1378,-2.1433,-109.9494,-96.9414
0.02156462585034014,7.7394,0.0,2.5263,-10.8899,-52.4533,-50.1627
0.0489795918367347,10.2582,0.0,2.5104,-5.2092,-51.9486,-48.6044
0.05190476190476191,14.4481,0.8603,5.3266,1.659,-116.3901,-110.4742
0.1519047619047619,16.3538,3.8312,7.5232,-5.0464,-155.4167,-150.8582
0.17578231292517008,12.8468,1.3742,7.1933,-7.4747,-136.61,-126.8379
0.21088435374149658,7.4284,0.9728,3.1162,-8.8315,-70.0469,-75.1202
0.7085034013605442,9.8277,2.1958,5.6494,-4.8013,-104.3712,-84.0006
1.0,12.294,0.6765,4.4094,-18.3629,-87.0916,-97.6159
1.0,7.8555,1.3171,3.8245,-14.5471,-72.941,-82.1032
1.0,2.8097,3.0162,3.1735,-5.1859,-61.9723,-67.4376
1.0,12.5165,1.6607,5.4881,-1.9371,-112.3204,-101.8707
1.0,8.2812,0.786,3.6944,-10.8641,-79.2212,-78.277
1.0,9.6827,0.0,4.3266,-15.8345,-77.5987,-60.7394
1.0,9.677,0.0,3.0076,-4.5054,-62.7633,-42.2879
0.5076190476190476,5.0216,0.739,1.9888,-14.362,-40.3582,-54.7281
0.2517006802721088,10.6221,1.5935,4.4278,-18.2183,-90.2331,-98.9926
0.256734693877551,16.5977,1.4492,6.4718,-7.7747,-127.9747,-109.2167
0.2697959183673469,13.6894,1.1894,5.849,-11.4788,-115.2652,-115.609
0.27455782312925164,16.7579,0.0,6.3279,-17.0768,-134.8096,-119.7561
0.0,10.0071,1.977,5.6241,-9.9186,-112.2851,-110.1893
0.42904761904761896,7.9159,1.6504,3.6841,-15.0639,-80.1785,-95.2425
0.07687074829931974,10.3209,1.5405,4.7145,-13.8103,-97.2505,-104.8794
0.0925170068027211,9.1595,0.0,2.9645,-8.7279,-63.6511,-61.4802
0.09782312925170067,9.2196,0.0,3.3274,-7.9396,-74.2214,-61.3483
0.10204081632653061,11.6758,1.5461,5.6469,4.5406,-117.8055,-89.1828
0.12244897959183673,10.649,1.3424,5.5574,-11.2744,-109.1411,-114.172
0.12244897959183673,7.2711,0.9863,2.3754,-7.9004,-55.4409,-63.3413
0.12448979591836734,7.4524,0.9692,2.4147,-7.8981,-56.3183,-64.2164
0.04918367346938776,7.9375,1.0386,2.3735,-18.6638,-45.6187,-60.8706
0.05251700680272109,5.5899,0.624,2.3321,-3.3588,-49.1991,-52.5579
0.06136054421768708,8.8199,0.0,1.7424,-1.9959,-34.9235,-33.0186
0.0692517006802721,3.9407,1.8129,2.2248,-11.5906,-45.0312,-55.9326
0.23823129251700684,9.5852,1.2769,3.2877,1.3794,-71.0228,-69.6434
0.5585714285714285,8.7923,1.4754,4.5598,-11.4619,-95.2643,-95.7741
0.6,6.6296,1.2422,2.3995,-14.0872,-49.2196,-63.3068
0.6144897959183673,11.2222,5.068,8.8252,-4.4957,-172.8537,-153.9465
0.6919047619047618,11.0767,0.5502,4.7014,-8.4957,-100.1276,-99.0554
0.18503401360544217,8.993,2.7525,6.6925,-13.4322,-131.7916,-126.0518
0.06802721088435375,10.8521,1.6172,5.3326,-13.9558,-108.5416,-114.3708
0.408843537414966,11.5337,1.8108,6.0779,-0.7918,-130.7631,-102.8719
0.0,13.0645,0.8869,4.9764,0.3232,-107.8905,-103.4303
0.18503401360544217,13.8751,0.7457,5.8941,-11.963,-114.4694,-112.0948
0.06136054421768708,14.008,1.8927,6.048,-1.8432,-120.7095,-114.6963
0.0672108843537415,9.0948,0.8985,4.8475,5.2465,-104.9492,-79.7175
0.09510204081632653,17.2689,2.1299,7.2492,-1.9063,-146.3244,-130.4375
0.09510204081632653,9.6925,2.1317,4.8062,-23.3604,-91.2655,-105.7836
0.09510204081632653,9.964,1.5885,4.6914,-3.2597,-96.2049,-93.2991
0.10340136054421768,7.5423,2.0584,4.6647,-5.2655,-101.9663,-84.7804
0.27210884353741494,12.9179,3.0756,5.6154,-4.7877,-118.9091,-123.6968
0.2905442176870748,10.318,0.0,2.4314,-3.8707,-56.6413,-50.9264
0.3895238095238095,11.1606,0.5954,3.1925,-15.314,-64.5389,-74.5735
0.4149659863945578,14.1422,0.7208,4.8203,-8.363,-99.7205,-89.2088
0.03401360544217687,11.7586,1.3499,4.9388,1.9725,-97.8301,-84.4716
0.011972789115646258,9.1624,1.9948,4.5834,-7.9519,-97.2411,-94.1407
0.01612244897959184,10.8081,1.7509,6.6993,-9.2647,-125.0232,-96.9113
0.017823129251700685,6.5476,3.5477,5.7078,-15.7413,-113.8779,-124.3865
0.11183673469387756,8.9639,3.9235,5.6747,3.7227,-116.3415,-113.8577
0.047619047619047616,15.8758,0.9649,5.2943,-9.2379,-120.1945,-120.2767
0.5714285714285714,13.4631,1.3764,6.3352,-7.3467,-136.8866,-129.8309
0.06802721088435375,13.6873,1.783,6.7267,-13.9968,-126.1577,-125.2771
0.07136054421768707,10.819,1.5546,4.7213,-7.0767,-94.9526,-91.6013
0.12843537414965986,13.2237,3.6771,8.7158,-17.4544,-167.7458,-165.7449
0.17129251700680273,11.2758,2.1309,6.8061,-7.5845,-127.3413,-126.629
0.17129251700680273,11.8083,1.6772,4.6793,-7.6274,-101.9271,-104.3065
0.18979591836734694,8.7241,0.0,2.5247,-8.4134,-53.7642,-48.3176
0.1946938775510204,14.5665,1.4574,6.9562,-9.7974,-134.393,-125.7144
0.19972789115646258,5.8196,1.3099,2.3138,-13.5641,-42.9791,-52.737
0.2925170068027211,8.1978,1.4553,3.2855,-18.1656,-69.1309,-87.2966
0.47238095238095235,7.7671,2.291,4.7777,-7.3975,-88.4547,-91.7685
0.5034013605442177,14.1901,0.0,3.2915,-3.2014,-74.1838,-58.3203
0.16693877551020408,16.5977,1.4492,6.4718,-7.7747,-127.9747,-109.2167
0.054149659863945585,2.2852,0.9983,1.8524,-7.0921,-38.6505,-41.5521
0.09782312925170067,14.4683,1.4051,4.172,-4.1342,-93.7441,-97.8783
0.046054421768707485,23.0816,1.8069,9.1897,-2.6949,-194.5825,-159.4521
0.047619047619047616,13.3472,0.9859,5.3739,0.2873,-115.3476,-86.6063
0.4502040816326531,10.7384,1.0865,6.1406,-12.9583,-126.7384,-113.6781
0.47619047619047616,8.0212,0.0,3.245,-13.05,-58.353,-47.8344
0.5374149659863945,13.0446,0.0,3.2969,-5.3937,-69.8663,-55.6123
0.5859183673469387,11.9931,0.0,5.1575,-11.4872,-103.5295,-76.4503
0.5986394557823129,8.6841,2.2675,3.6817,-7.7109,-71.7695,-79.4803
0.7085034013605442,9.3411,0.9097,1.5931,-14.0282,-41.2874,-55.3156
0.7606802721088435,15.1005,2.6217,9.2766,-1.7938,-186.5396,-141.1361
0.802721088435374,7.3622,0.0,2.6814,-15.0491,-54.6088,-61.8968
0.8359863945578231,10.6269,0.5699,5.133,-8.2479,-104.2277,-87.2639
0.8571428571428571,8.3049,0.9306,4.4552,-11.3166,-90.9066,-80.7595
0.8979591836734694,11.9287,2.2666,5.6256,-1.9126,-114.9103,-108.1984
0.9931972789115646,5.7452,0.7036,2.6212,-7.5953,-59.825,-66.9481
0.17687074829931973,11.3607,3.7581,5.8779,-8.2843,-120.6749,-129.7652
0.10625850340136056,13.3299,1.6275,6.729,-11.9223,-139.8447,-136.353
0.32653061224489793,10.0584,1.5679,4.5923,-9.2971,-91.7128,-90.8306
0.38095238095238093,12.6718,1.3544,6.2653,-6.8182,-135.2627,-129.3611
0.025578231292517007,10.0575,0.8934,5.2759,-10.563,-100.6504,-92.7052
0.0,9.4885,1.0887,5.3374,-8.6834,-109.3455,-107.628
0.02040816326530612,10.9364,3.8714,6.5312,4.2582,-137.7859,-122.8469
0.0692517006802721,10.9188,1.6395,4.2166,-13.9176,-90.4884,-104.406
0.03360544217687075,12.5685,0.0,5.0894,-18.4416,-105.5065,-86.4935
0.11530612244897959,5.4601,1.5106,2.436,-14.6677,-48.7646,-57.3559
0.11530612244897959,9.8145,2.5488,5.8457,-12.5699,-116.2911,-114.1056
0.02156462585034014,6.8199,1.0988,2.8308,-11.411,-60.6563,-54.7382
0.027210884353741496,12.5978,0.9572,5.3742,-1.9297,-114.9042,-89.2352
0.03401360544217687,13.2102,2.4415,7.2119,3.0401,-149.6207,-121.0986
0.2789115646258503,11.6854,1.636,5.3079,-11.5921,-107.7259,-104.1964
0.32054421768707475,29.9382,2.2229,11.3086,29.3852,-250.8186,-186.0074
0.3605442176870748,10.4372,1.748,5.0591,-8.1268,-100.514,-89.249
0.3621088435374149,5.9131,0.0,1.4007,-5.6012,-30.6338,-36.235
0.3877551020408163,13.8083,0.0,3.5899,-5.2264,-81.1286,-66.9985
0.399047619047619,3.6893,2.3295,2.2811,-12.6091,-41.4262,-54.0353
0.08843537414965986,12.9619,2.5283,6.961,-12.8586,-140.6641,-144.8521
0.108843537414966,10.553,3.834,5.184,-7.865,-106.3481,-114.354
0.11224489795918369,9.9382,2.0044,6.2291,-15.6991,-108.5177,-121.4436
0.11530612244897959,17.569,0.0,7.457,-7.3066,-154.7739,-126.5279
0.11530612244897959,12.7797,1.9663,5.3309,1.9125,-104.667,-102.7545
0.06523809523809523,6.0187,1.9065,3.6886,-3.4286,-72.6623,-68.4259
0.0692517006802721,12.7063,1.736,5.7485,0.8793,-118.234,-97.9647
0.10054421768707483,7.0828,2.4153,4.9966,-5.8323,-98.6936,-95.2889
0.08020408163265305,10.9349,1.5191,5.1863,-12.7581,-105.1921,-117.9502
0.11530612244897959,7.3,0.7163,2.795,-12.3682,-54.9585,-50.37
0.06619047619047619,7.5571,1.0222,3.6321,-9.052,-73.728,-83.9792
0.02884353741496599,6.1795,2.4013,4.0698,-14.3172,-82.9563,-96.3831
0.03401360544217687,7.9037,1.3974,3.959,1.344,-76.4587,-66.9426
0.03401360544217687,13.9781,2.3457,7.2027,-6.3021,-156.3186,-147.2864
0.3537414965986394,14.5345,0.0,4.4706,-13.3542,-92.5442,-65.2906
0.39455782312925164,4.9293,1.0777,2.6101,-5.7303,-58.9178,-62.3113
0.408843537414966,6.5212,2.3621,3.5387,-10.0199,-74.187,-84.2069
0.4188435374149659,5.3424,0.0,1.9406,-6.998,-43.7309,-44.9309
0.42176870748299317,13.3248,0.0,2.7239,-10.1972,-62.0861,-52.7045
0.08020408163265305,6.9015,1.1327,3.8156,-16.5042,-80.7893,-81.6541
0.8359863945578231,7.8144,0.0,2.757,-11.7345,-56.9061,-48.6339
0.6757142857142856,11.4149,0.0,5.0923,-10.6172,-100.3337,-80.4427
0.7428571428571428,9.273,2.071,5.7358,-13.8352,-108.4773,-112.8243
0.5306122448979591,7.1011,0.5985,3.6003,-10.1211,-71.3515,-68.9108
0.7974829931972789,3.3655,3.6527,4.0266,-11.0105,-73.488,-77.7895
0.461156462585034,15.0946,2.921,7.6484,-19.2523,-152.4266,-155.9322
0.6443537414965986,10.0777,0.8577,3.0336,-12.6685,-71.0567,-83.7251
0.9319727891156462,11.9387,2.4418,5.7296,-3.0006,-117.2992,-111.1488
0.8165306122448979,15.4652,0.646,6.1205,-17.371,-127.81,-128.3651
0.0,13.6282,0.6179,6.1394,-16.7605,-123.014,-114.5049
0.0,5.5685,0.8342,3.7671,-19.5298,-66.5807,-78.7379
0.0,34.0482,14.6646,24.2799,32.2398,-470.2041,-437.9643
0.0,10.196,1.0173,4.3546,-4.0637,-86.7758,-83.0752
0.0,14.2025,0.863,5.2472,3.9776,-114.1714,-105.1584
0.02156462585034014,7.6131,2.1212,5.2964,-14.4128,-97.6507,-108.6537
0.046054421768707485,6.6718,0.9372,2.5113,-7.3463,-57.5795,-64.345
0.0031292517006802738,6.1793,1.0983,3.4318,-6.5307,-69.2903,-70.9562
0.006054421768707484,7.7633,0.6244,2.6652,-11.1196,-57.5215,-68.6411
0.07789115646258503,14.5909,0.0,5.7718,-13.5495,-116.1582,-120.1142
0.018707482993197282,2.2214,1.6646,2.1072,-7.2471,-40.6471,-48.8695
0.02040816326530612,12.9406,2.6096,6.4974,-7.7453,-140.8701,-140.4268
0.02040816326530612,10.0939,0.5503,4.6743,5.896,-98.6988,-66.8734
1.0,10.6299,0.0,3.6253,-3.1935,-80.1716,-53.1295
0.5306122448979591,11.3762,2.9338,7.6367,-27.6912,-133.7549,-137.9397
0.054421768707483,9.8433,1.5174,5.0337,-5.8663,-110.1104,-101.0376
0.11850340136054424,8.2043,2.6733,5.1492,-3.7409,-96.3154,-87.809
0.2925170068027211,10.7957,1.4813,5.5585,-11.2615,-110.0805,-112.2166
0.3365986394557823,5.6001,2.8815,3.6413,-25.3938,-76.344,-101.7378
1.0,5.481,1.1182,1.8794,-6.9909,-38.8404,-45.8313
1.0,7.7168,0.9354,2.6317,-4.7754,-61.7491,-66.5244
0.018707482993197282,5.4829,0.7481,3.8121,-6.9957,-71.5154,-55.1167
0.06802721088435375,12.6475,2.0565,7.0744,-13.8131,-143.454,-138.6442
0.07136054421768707,8.4385,2.1538,4.8112,-3.8932,-93.6879,-91.0719
0.0,12.761,0.9436,5.1438,-1.0256,-110.4518,-96.5588
0.0,11.8471,1.4318,5.603,-14.8523,-107.7315,-114.5076
0.0,10.3952,5.7572,8.4361,18.2122,-164.8863,-140.7618
0.0,9.1063,1.0239,4.0386,-3.5703,-92.1831,-84.4449
0.0,8.2005,1.0087,3.0161,-18.7111,-56.1664,-59.6732
0.0,4.9715,2.0517,3.2518,-11.7313,-64.1539,-73.8092
0.0,11.6854,1.636,5.3079,-11.5921,-107.7259,-104.1964
1.0,13.8074,0.95,5.7734,-7.9863,-119.3767,-108.011
0.001632653061224492,11.5192,1.9132,6.1076,-14.0573,-124.8395,-123.4074
0.02040816326530612,12.5661,1.4729,6.5413,-10.4193,-124.0896,-106.4509
0.027210884353741496,10.7714,1.7127,4.6955,-8.068,-94.8236,-93.1205
0.031224489795918364,11.7052,0.5144,4.6765,-11.3543,-94.8125,-90.2338
0.03333333333333334,11.075,1.0349,4.9907,-9.3084,-110.4113,-98.2741
0.013605442176870746,6.4944,1.0929,2.9452,-12.2663,-64.0294,-72.7086
0.02353741496598639,10.6434,0.5842,4.1352,6.0283,-88.492,-73.5611
0.00795918367346939,3.4559,1.2099,2.723,-10.0498,-58.9654,-61.7762
0.004897959183673473,8.4937,2.5681,4.213,-19.3933,-80.1464,-93.2133
0.006802721088435375,10.8513,1.0501,4.5425,-1.2446,-105.003,-85.7372
0.0672108843537415,6.0764,0.8709,2.9698,-15.5631,-56.7401,-58.2645
0.3365986394557823,6.8056,0.8886,3.0459,-18.3649,-61.7837,-71.3904
0.3621088435374149,10.0712,2.7144,5.9158,0.2343,-123.7873,-105.3927
0.42904761904761896,9.1291,1.6966,4.8398,-8.6408,-95.3403,-99.5808
0.30911564625850335,11.9894,1.1185,4.7734,-10.3942,-96.9703,-87.9771
0.4172789115646258,8.095,1.0166,4.7052,-10.5793,-96.7579,-86.6866
0.0672108843537415,6.1809,3.5255,4.8013,-6.5473,-87.4629,-96.46
0.2905442176870748,11.0767,0.5502,4.7014,-8.4957,-100.1276,-99.0554
0.399047619047619,7.5496,0.6312,2.9396,-11.7313,-57.3324,-66.6223
0.2765306122448979,16.2293,0.7799,7.5129,-7.6526,-156.5513,-143.2702
0.35340136054421767,9.002,0.6163,1.8429,-3.9826,-41.297,-45.2796
0.3605442176870748,10.3747,1.637,4.8002,-6.5407,-97.6416,-93.7258
0.4188435374149659,9.5729,0.0,3.6831,-7.675,-76.7133,-60.4991
0.21544217687074832,9.6789,0.5486,2.5271,-9.2334,-52.7246,-53.3979
0.2504081632653061,4.9985,2.0824,3.3502,-8.775,-68.7762,-77.5512
0.0,5.4184,0.0,1.9647,-6.9303,-39.2533,-34.201
0.0,6.5247,0.9708,3.0615,-1.8714,-64.7985,-49.0273
0.18979591836734694,8.9077,1.6308,3.234,-9.6977,-68.0444,-76.4743
0.0,32.0153,14.758,22.9826,32.0537,-448.3772,-416.3235
0.0,5.7885,2.2297,3.6212,2.8204,-74.6807,-71.8602
0.14285714285714285,10.668,4.1023,5.8683,-13.2206,-116.6191,-131.7504
0.02040816326530612,12.2089,1.6877,5.8578,-11.2052,-117.4475,-119.3927
0.2442176870748299,6.4478,1.013,2.4714,-6.8243,-59.3978,-65.8451
0.26870748299319724,11.7219,2.6488,5.3429,-1.279,-113.4466,-105.9996
0.283469387755102,11.6388,2.6439,6.7918,-28.1541,-131.347,-134.409
0.37414965986394555,10.3087,2.9294,5.566,-0.0531,-117.0858,-113.6363
0.025578231292517007,7.632,0.6158,3.4111,-10.6613,-63.6542,-66.1823
0.37102040816326526,12.813,0.0,5.2916,-15.4179,-104.7334,-82.3839
1.0,8.7801,0.6072,3.4271,-9.3655,-66.7309,-59.2111
0.3877551020408163,9.479,3.7017,5.1676,-8.549,-106.4005,-115.8792
0.013605442176870746,11.2469,1.6719,4.778,-10.2641,-96.9589,-96.8332
0.02775510204081633,17.1871,0.0,7.2115,-8.9457,-153.5488,-121.3048
1.0,11.4778,0.8218,3.6992,-8.5095,-79.8749,-79.6283
0.024557823129251703,7.0842,1.4935,3.4182,2.266,-69.9699,-61.4661
0.025578231292517007,9.1305,0.6722,4.6333,-11.0759,-88.2448,-90.0587
0.4149659863945578,11.5228,0.9272,3.4103,-12.525,-79.5889,-82.6449
1.0,29.9382,2.2229,11.3086,29.3852,-250.8186,-186.0074
1.0,7.839,0.573,3.67,-9.8973,-71.8912,-80.9048
0.256734693877551,10.7864,0.7471,4.6389,-15.2351,-87.5031,-92.9073
1.0,13.9614,0.0,3.981,-11.9218,-84.3481,-65.4716
1.0,13.9216,0.5714,6.7917,-10.2271,-132.7411,-120.1141
1.0,9.8158,0.8729,4.6948,-11.1836,-97.8705,-92.4331
1.0,10.0777,0.8577,3.0336,-12.6685,-71.0567,-83.7251
0.04163265306122449,11.6137,2.0878,4.6156,4.0123,-104.1664,-100.1542
1.0,10.5072,1.4478,4.6964,-13.5025,-92.8889,-106.3914
1.0,8.8827,0.7685,5.0764,-4.7824,-108.4929,-100.611
0.0,12.6562,0.8917,5.1398,-1.8844,-109.7552,-103.4649
0.0,8.2142,0.6626,3.9636,-18.4964,-76.4342,-87.218
0.0,10.1344,1.9961,5.1178,-8.7704,-108.8875,-103.9879
0.14965986394557823,11.9763,2.7347,6.3462,-10.65,-130.9951,-134.0363
0.15047619047619049,14.1596,0.5984,4.653,1.9423,-102.5081,-92.3403
0.15442176870748298,6.2509,1.8778,2.9929,-14.0242,-65.014,-79.0382
0.10918367346938776,6.5561,1.2499,4.0534,-12.7852,-74.1029,-77.4661
0.11224489795918369,8.2737,1.0429,2.7179,-18.8606,-51.4898,-70.3504
0.11564625850340135,12.4487,1.8315,5.1772,-10.1211,-112.321,-113.7007
0.03884353741496599,9.2762,0.0,2.7806,-9.303,-59.6966,-48.713
0.6598639455782312,12.2073,0.968,5.5657,-20.5178,-107.2232,-101.2737
0.7085034013605442,16.5458,0.6302,6.1171,7.5326,-142.3705,-120.6996
0.8972789115646258,6.9015,1.1327,3.8156,-16.5042,-80.7893,-81.6541
0.002108843537414966,4.34,1.8149,2.935,-6.952,-60.2405,-63.0005
0.0026530612244897965,9.1952,3.0438,5.5297,-5.6327,-118.1508,-116.4561
0.0026530612244897965,14.4724,2.3948,8.5312,-7.574,-165.1261,-147.1228
0.003197278911564627,8.22,0.7798,2.9634,-12.1262,-67.8171,-73.6893
0.004897959183673473,12.6078,0.7967,4.6305,-9.0324,-107.4422,-97.1934
0.008639455782312924,15.6999,0.0,7.1091,-8.8851,-137.8163,-109.7338
0.0026530612244897965,11.4812,0.8599,5.6088,-20.6744,-107.8908,-115.9505
0.0,7.2313,3.3885,5.1589,-6.4825,-104.4851,-104.4263
0.0,5.8339,0.0,1.7444,-12.7775,-41.8262,-54.6038
0.0,4.4257,1.4593,2.8265,-2.0113,-53.8028,-55.8141
0.03489795918367347,11.3404,0.0,4.6402,-8.6898,-91.189,-76.117
0.03489795918367347,14.77,0.8191,6.2507,-10.8737,-119.2742,-115.3938
0.0,12.2138,0.9434,4.8166,-3.056,-105.9309,-94.403
0.0,12.6589,1.7343,5.3757,-6.2518,-108.8517,-94.6816
0.13741496598639455,13.5012,2.0059,6.181,0.0552,-125.2073,-108.5666
0.8639455782312925,13.6351,2.32,6.9021,-17.1515,-138.9819,-139.9977
0.07346938775510205,6.8246,2.9645,3.8625,-10.5211,-75.7405,-86.2616
0.16326530612244897,10.4259,1.5532,4.9072,-11.2168,-98.9262,-106.3447
0.2697959183673469,7.3899,0.0,2.6895,-15.8386,-51.2832,-51.2075
0.0,5.7423,1.7429,3.5435,2.6888,-76.0476,-54.5566
0.13904761904761906,10.6941,1.4809,4.7369,-5.0276,-95.2027,-90.3937
0.14278911564625849,9.5796,0.7017,4.1681,-13.8728,-79.766,-84.5677
0.1465986394557823,9.1563,0.6563,2.9512,-16.8141,-62.0059,-70.1346
0.1465986394557823,9.0431,0.0,4.2521,-9.6072,-84.5993,-70.2342
0.15442176870748298,15.6887,0.5777,6.0707,-29.3243,-119.8819,-136.8675
0.15442176870748298,7.7327,1.7316,3.9774,-7.8635,-84.3228,-73.0439
0.15850340136054422,11.5254,0.6281,5.7614,-5.4752,-104.7028,-92.6781
0.16272108843537417,10.1884,1.9509,5.6587,-14.0272,-108.833,-115.7754
0.22095238095238093,12.829,0.7738,3.8337,-27.9738,-76.705,-97.5625
0.108843537414966,11.0599,2.1137,5.0433,-8.9411,-106.6505,-107.4912
0.014489795918367344,8.0739,2.4266,3.6878,-14.1547,-71.1635,-85.3182
0.02040816326530612,15.3109,0.5909,6.8804,-17.7232,-133.1844,-133.3312
0.18714285714285714,8.8372,1.5082,4.3215,-6.2614,-77.4623,-77.6653
0.11530612244897959,11.2832,0.703,5.327,-11.9505,-111.351,-108.8076
0.12244897959183673,11.8165,0.9826,4.5593,-9.3965,-92.2005,-84.2165
0.18979591836734694,8.8654,2.8581,5.537,-1.8765,-106.2543,-98.3592
0.1319047619047619,9.3132,2.0626,5.2598,-8.9016,-100.0345,-105.1081
0.13755102040816325,8.4971,2.8283,6.0821,-6.3412,-120.9169,-110.5287
0.7255102040816327,12.4617,4.5869,8.6725,-2.8171,-168.5294,-147.3247
0.029455782312925168,7.5394,0.9492,3.0098,-6.868,-65.1491,-68.7417
0.03360544217687075,4.1571,1.3591,1.946,-12.3294,-36.8077,-48.2809
0.13904761904761906,5.8619,3.4132,5.137,-11.8554,-102.0559,-100.9058
0.03748299319727891,5.1382,0.9802,2.8216,-8.4275,-63.6301,-57.2938
0.12843537414965986,11.3984,0.6879,5.1431,-15.8863,-104.5561,-98.2285
0.0,8.0276,0.9901,2.5642,-18.6645,-48.7307,-64.9839
0.0,14.6774,0.6011,6.22,-10.8785,-118.3974,-114.0977
0.0,11.075,1.0349,4.9907,-9.3084,-110.4113,-98.2741
0.7255102040816327,7.6465,0.0,2.2819,-11.6657,-52.7551,-64.4208
0.8639455782312925,13.3854,0.0,3.0982,-5.6976,-71.8451,-58.5067
0.91156462585034,8.0242,0.0,2.6017,-5.3342,-56.3967,-46.3343
0.9591836734693877,10.4589,2.1524,4.9014,-1.0848,-102.557,-97.6984
0.007074829931972788,8.9091,0.9756,3.4789,-16.3165,-74.5366,-87.6556
0.0,12.4393,0.9416,5.1303,-1.886,-109.2862,-106.4681
0.0,13.4654,1.9857,6.153,-4.7283,-128.8049,-123.7222
0.0,8.3699,0.972,4.2066,4.4915,-92.1098,-65.2917
0.0,9.5833,3.6267,5.531,0.6531,-112.011,-112.5713
0.0,14.8158,0.6998,6.0857,-11.0831,-115.7861,-112.896
0.7482993197278911,10.049,2.8376,5.2773,0.5287,-110.7273,-108.7031
1.0,10.8251,0.7237,5.1573,-11.4617,-105.1579,-99.3389
0.4502040816326531,7.1708,2.6397,4.3315,5.0809,-95.8912,-84.3956
0.5034013605442177,7.5617,1.6642,4.1024,-11.1543,-72.5446,-80.8894
0.7074829931972788,12.0856,2.3074,5.5758,-0.7979,-114.0162,-106.1518
1.0,6.2571,0.8465,3.0951,-7.2837,-63.4663,-65.631
0.030000000000000002,14.77,0.8191,6.2507,-10.8737,-119.2742,-115.3938
0.2697959183673469,5.9,2.1927,3.768,-6.29,-77.6012,-79.1751
0.15047619047619049,10.1212,1.1262,4.432,14.1258,-93.9799,-73.8996
0.15442176870748298,17.8178,4.3459,8.955,-2.6243,-178.914,-172.4953
0.17687074829931973,7.3104,0.7992,3.9092,-9.3654,-74.2589,-79.5527
0.18503401360544217,12.0468,0.8113,5.0902,-10.1997,-107.0692,-104.6739
0.19727891156462585,9.8433,1.5174,5.0337,-5.8663,-110.1104,-101.0376
0.054149659863945585,9.9445,1.7355,5.8487,-22.7801,-106.4567,-94.2414
0.061224489795918366,9.4726,3.735,5.654,2.1764,-115.7102,-115.1544
0.0,4.9617,3.3039,3.8882,9.3833,-83.5076,-69.9079
0.12857142857142856,12.9179,3.0756,5.6154,-4.7877,-118.9091,-123.6968
0.1354421768707483,6.6018,1.9613,4.0894,9.8409,-91.0172,-69.6807
0.0,5.1101,1.3805,2.918,-11.6176,-57.0916,-63.0329
0.09782312925170067,5.2194,1.9578,3.0386,-9.3,-64.1002,-70.5908
0.0,15.1886,1.5114,7.0341,6.8019,-144.4864,-105.4099
0.0,12.3631,1.5195,5.7251,0.777,-114.9207,-99.7892
1.0,12.6097,0.8952,5.1741,-4.8569,-111.7545,-104.3944
0.2442176870748299,13.0712,0.0,5.4599,-0.3617,-104.6037,-71.7142
0.31278911564625844,13.4153,2.022,6.1112,-4.7255,-128.0924,-123.1934
0.0,12.2701,2.495,6.5454,-12.4161,-132.8544,-145.2705
0.35340136054421767,5.2197,1.8039,3.6756,-18.3782,-66.5421,-81.4708
0.025578231292517007,14.3928,1.3361,6.4805,-20.7163,-136.6018,-154.0328
0.35340136054421767,9.6364,1.6592,2.4254,-14.3623,-59.212,-73.5743
0.03401360544217687,8.5262,1.9496,4.845,-10.7854,-99.1438,-99.2691
0.02156462585034014,9.4259,0.6739,3.3487,-9.4569,-69.2611,-78.718
0.02353741496598639,8.1707,0.9584,2.9347,-13.114,-64.3595,-68.9664
0.0,10.3529,0.7465,4.3956,-16.8436,-88.2217,-90.8325
0.0,5.9368,4.5773,6.321,-3.2878,-123.6339,-107.1517
0.0,8.0739,2.4266,3.6878,-14.1547,-71.1635,-85.3182
0.0,10.8081,1.7509,6.6993,-9.2647,-125.0232,-96.9113
0.0,11.4355,1.6724,4.9547,-8.7086,-105.7048,-100.9703
0.0,7.4742,0.9518,2.4172,-7.8973,-56.3676,-64.2649
0.0,15.2695,2.2544,8.346,-11.5355,-169.9149,-161.2877
0.2905442176870748,6.9631,0.881,3.3265,-9.9034,-71.9828,-67.0151
0.3285034013605442,13.258,1.4176,7.125,-18.1439,-132.3403,-133.1257
0.3285034013605442,9.4926,0.4395,3.2162,-0.7018,-68.42,-65.2942
0.013673469387755103,8.9326,0.0,3.5502,-12.6508,-77.307,-73.1786
0.018979591836734696,19.344,0.0,6.4868,-1.1905,-143.0626,-118.8188
0.1592517006802721,10.1742,0.0,4.4001,-13.2478,-83.5345,-71.3257
0.17687074829931973,11.6791,3.6052,5.9531,-8.2804,-122.1936,-130.9226
0.22095238095238093,15.3897,0.7301,6.8886,-16.5207,-134.3775,-123.2827
0.22095238095238093,10.5493,0.8546,5.0803,-16.7559,-101.9455,-99.2113
0.22659863945578232,5.3594,1.5238,3.3654,-15.45,-59.3133,-76.4968
0.061224489795918366,11.4249,1.501,4.6764,-6.9776,-94.1164,-90.7444
0.03884353741496599,6.4623,1.198,2.6512,2.6165,-55.3535,-52.737
0.04163265306122449,14.3472,0.0,5.1241,-14.2698,-106.6575,-84.2101
0.04306122448979592,13.8751,0.7457,5.8941,-11.963,-114.4694,-112.0948
0.054149659863945585,3.0159,1.9461,2.2064,-9.033,-46.4197,-55.4527
0.061224489795918366,10.9168,1.5732,4.7572,-10.3848,-95.9548,-95.6043
0.06136054421768708,10.8899,1.3896,6.3579,-14.1421,-122.0479,-104.1792
0.06802721088435375,10.8177,3.7146,5.773,-9.3896,-118.0878,-129.0099
0.10625850340136056,14.3712,1.5857,7.223,-6.8635,-147.3785,-127.8043
0.12503401360544217,4.8468,0.5941,1.6585,-3.0473,-34.722,-37.7693
0.05081632653061226,4.7971,1.0755,1.9616,-8.0104,-42.7712,-52.3352
0.061224489795918366,12.1387,0.9469,5.0543,-2.1471,-108.1813,-95.9747
0.17006802721088435,12.9619,2.5283,6.961,-12.8586,-140.6641,-144.8521
0.2977551020408163,10.6989,0.0,4.0511,-15.189,-76.9131,-71.1745
0.32054421768707475,12.2024,1.5708,5.0737,-3.9066,-112.9681,-103.5647
0.05952380952380952,7.0945,1.8289,3.7424,5.0895,-76.5359,-64.913
0.09782312925170067,9.9157,0.0,3.1114,-5.9392,-64.9253,-49.8428
0.10204081632653061,10.5297,1.6163,4.5947,-7.0765,-91.7564,-88.8151
0.10918367346938776,12.9042,0.9099,5.2696,-5.4334,-110.3055,-88.8074
0.04421768707482994,13.3094,1.0013,5.8347,-16.0586,-117.1569,-107.755
0.046054421768707485,10.6892,0.7251,4.5763,-15.7846,-97.7842,-100.3065
0.05081632653061226,7.1662,4.5062,6.968,-2.5782,-137.112,-113.7082
0.05251700680272109,14.1159,2.5191,5.6948,6.8779,-126.4112,-119.5334
0.05306122448979593,4.2789,1.4097,2.4549,-3.0155,-51.3764,-54.3919
0.0,5.2034,3.8886,4.7129,-5.1917,-97.245,-97.6838
0.0,7.8336,0.0,3.2341,-23.2258,-59.2822,-69.1883
0.12170068027210884,9.7157,2.7431,5.2357,-11.4574,-103.9483,-100.1967
0.12564625850340136,8.5267,1.4816,4.6492,-17.0505,-91.9743,-101.9773
0.0,0.0,8.1214,5.8582,-3.1937,-103.7101,-101.1609
0.0,12.493,1.3589,5.7564,3.0684,-111.4293,-97.2824
0.012176870748299321,13.4555,1.8,6.8951,-12.264,-139.9248,-116.8763
0.014489795918367344,12.1613,0.0,5.5432,-10.0637,-104.4158,-90.2991
0.08496598639455782,7.8375,1.0138,3.0791,-6.7386,-69.4184,-68.9988
0.08741496598639456,11.2393,1.5988,6.9427,-4.2076,-136.1199,-106.8133
0.22659863945578232,6.4696,0.821,3.3077,-3.3925,-67.7882,-55.7223
0.0,10.2629,2.8135,6.3381,-13.7198,-121.7041,-111.8746
0.07136054421768707,8.2983,0.96,1.9077,-18.8135,-38.4008,-57.2143
0.16272108843537417,4.675,1.1194,2.9593,-8.6603,-63.1761,-61.7638
0.0,11.1479,0.6759,4.7844,-8.5694,-103.4703,-105.9933
0.0,7.7652,0.7702,3.817,-10.1633,-70.8019,-78.026
0.0,12.2843,1.0342,5.5995,-2.3144,-121.143,-100.2643
0.26530612244897955,8.4971,2.8283,6.0821,-6.3412,-120.9169,-110.5287
0.21544217687074832,12.5746,1.3208,2.9472,-0.1161,-67.1178,-67.2339
0.9591836734693877,6.4113,0.4062,1.0481,-7.1555,-22.225,-29.3805
0.5237414965986393,11.5228,0.9272,3.4103,-12.525,-79.5889,-82.6449
0.022517006802721087,4.2789,1.4097,2.4549,-3.0155,-51.3764,-54.3919
0.7346938775510203,5.1627,1.4517,2.5209,-14.6539,-46.6705,-58.5237
0.15442176870748298,4.8164,1.3167,1.9987,-4.003,-38.3835,-42.3866
0.08020408163265305,8.4592,0.0,2.8007,-6.2939,-65.1644,-56.7744
0.07571428571428572,13.2946,0.7569,3.8582,-13.8968,-83.8942,-90.8327
0.45578231292517,8.9324,2.332,3.9544,-11.597,-83.0433,-94.6403
0.09782312925170067,12.1182,1.4896,4.5378,2.7928,-102.0203,-99.2275
0.7788435374149659,6.247,2.3456,3.7608,-19.262,-72.1678,-91.4298
0.11564625850340135,14.4126,1.262,6.2917,-18.9091,-128.0037,-138.4372
0.030000000000000002,11.4485,0.6,5.0851,-11.4826,-103.2784,-97.7015
0.031224489795918364,6.3469,1.7004,3.6509,0.2739,-72.6103,-72.3364
0.03401360544217687,10.4138,3.8178,6.0903,2.4364,-124.047,-123.3872
1.0,7.474,1.5859,3.5666,-12.4539,-76.6573,-85.5466
0.02884353741496599,10.3666,1.2133,4.4844,-1.318,-87.1735,-77.5834
0.05251700680272109,7.6231,1.0661,3.4438,-10.6575,-76.7296,-73.7834
1.0,10.6269,0.5699,5.133,-8.2479,-104.2277,-87.2639
0.017823129251700685,7.2795,0.0,1.684,-4.8223,-32.442,-37.2643
1.0,11.6137,2.0878,4.6156,4.0123,-104.1664,-100.1542
1.0,4.5183,1.0743,1.9598,2.0259,-39.0851,-37.0591
0.0,6.1193,2.3732,4.1233,-6.2489,-80.301,-75.8244
0.0,10.3307,0.0,2.8194,-4.6671,-59.6581,-56.1322
0.0,9.2457,2.6665,5.727,-3.3454,-116.7435,-109.044
0.0,10.8201,2.1247,6.1661,-7.7095,-131.2708,-124.9854
0.10340136054421768,14.0682,1.5495,5.8777,-6.6494,-129.4246,-116.7377
1.0,8.1825,0.928,3.957,-16.6732,-76.2364,-74.5089
1.0,8.4382,0.9438,2.7096,-18.8747,-51.4766,-70.3513
0.08993197278911563,8.2422,0.9993,3.2111,-18.7065,-59.352,-66.7287
0.6,13.4783,0.6991,3.6978,-4.8623,-80.5651,-76.2073
0.10775510204081631,11.7971,1.862,5.6555,-3.3348,-120.0803,-98.1086
0.11564625850340135,12.3306,0.9246,4.8385,-2.5595,-103.2077,-91.2667
0.43537414965986393,14.6997,0.5335,4.7776,-7.5623,-104.0171,-92.5188
1.0,10.0554,2.24,4.7342,-1.0974,-98.9553,-100.1542
1.0,5.3129,1.9896,3.1435,-4.5583,-67.0075,-64.6125
1.0,5.6446,0.0,1.3383,-14.4575,-29.3666,-38.189
1.0,16.5458,0.6302,6.1171,7.5326,-142.3705,-120.6996
0.35340136054421767,10.3484,1.3936,5.4598,-19.6697,-103.1757,-95.844
0.36734693877551017,8.3193,2.0613,4.1669,-1.4241,-84.2265,-85.6505
0.399047619047619,11.6056,1.8247,4.5064,-19.8873,-92.8698,-108.4006
0.03401360544217687,11.3069,1.5602,4.7443,-5.9479,-95.0475,-90.2706
0.01959183673469388,6.6276,2.9126,5.2009,-4.4891,-100.4881,-96.3416
0.031224489795918364,6.6563,3.0314,5.421,-5.5974,-105.2652,-101.0087
0.009999999999999998,5.4184,0.0,1.9647,-6.9303,-39.2533,-34.201
0.47238095238095235,12.7314,0.75,5.7055,-14.0253,-108.6365,-116.5807
0.04163265306122449,13.5847,2.0242,6.1624,-6.0983,-129.0877,-125.1064
1.0,11.461,0.0,4.1854,-11.8476,-91.2792,-82.8307
1.0,9.7854,1.5136,5.41,-16.833,-95.3023,-107.6277
1.0,8.6153,0.0,2.8767,-6.6634,-55.9595,-49.8108
0.03489795918367347,5.4433,1.0808,2.2184,-14.5877,-47.9421,-62.5297
0.02666666666666667,17.6093,0.8128,5.9456,-11.3913,-124.394,-122.583
0.047619047619047616,8.9091,0.9756,3.4789,-16.3165,-74.5366,-87.6556
1.0,6.8844,0.4347,1.8229,-5.8909,-34.9239,-40.8148
1.0,11.6629,2.2791,5.5826,-19.1039,-108.9199,-128.0238
1.0,7.9582,0.0,2.458,-5.3406,-60.6073,-54.4456
1.0,12.2343,0.6205,5.0753,-11.6036,-109.4184,-108.7363
0.22095238095238093,11.7823,1.3822,4.0979,-13.1705,-87.1969,-96.3698
0.0,14.4481,0.8603,5.3266,1.659,-116.3901,-110.4742
0.0,14.6601,0.6517,6.1979,-6.2022,-123.5315,-115.2804
0.00272108843537415,10.196,1.0173,4.3546,-4.0637,-86.7758,-83.0752
0.0054421768707483,11.1497,1.1468,4.8474,-4.2727,-98.8302,-103.1029
0.005918367346938777,13.6804,0.8557,5.0439,1.319,-109.7147,-104.3691
0.006802721088435375,12.6103,0.9989,5.2125,-0.8354,-111.9584,-87.8162
0.009319727891156464,5.9617,1.3012,2.9553,-18.4667,-57.5951,-70.3703
0.006666666666666668,7.3899,0.0,2.6895,-15.8386,-51.2832,-51.2075
0.038775510204081626,12.0818,0.9829,4.5982,-0.5253,-98.5201,-77.5589
0.15047619047619049,6.4804,0.6223,2.3413,-14.9184,-47.8028,-62.7212
0.1564625850340136,11.6066,0.0,4.2523,-3.7451,-82.885,-68.6232
0.16693877551020408,4.298,1.8883,3.1465,-5.2499,-62.7091,-61.5564
0.1836734693877551,11.3336,1.4917,4.3466,-16.53,-95.4405,-107.6063
0.1946938775510204,10.9486,4.2118,5.8494,-21.0951,-126.0644,-147.1595
0.22095238095238093,9.6412,0.7636,3.6211,-3.759,-75.9548,-71.2158
0.20408163265306123,12.0222,3.1729,5.9132,-8.3027,-121.6413,-129.806
0.20408163265306123,12.0512,1.6165,6.0751,-6.843,-131.3574,-127.5083
0.21006802721088436,14.9385,4.1611,9.0541,1.1889,-175.0684,-153.722
0.06523809523809523,11.0529,3.1443,6.9916,-4.8722,-140.988,-137.5368
0.06523809523809523,13.6593,1.6605,7.4802,-15.9035,-145.2693,-136.6616
0.2448979591836735,14.6296,0.6872,5.5645,-8.413,-112.2838,-95.0556
0.256734693877551,19.6903,2.3379,8.84,0.1271,-185.7864,-171.1896
0.2993197278911564,11.2251,0.0,4.3166,-3.2236,-87.2231,-71.697
0.0,5.4829,0.7481,3.8121,-6.9957,-71.5154,-55.1167
0.0,4.9182,1.2589,3.7224,-9.3353,-76.4907,-71.4393
0.032380952380952385,8.6153,0.0,2.8767,-6.6634,-55.9595,-49.8108
0.0408843537414966,11.726,0.7881,4.5271,-13.7274,-86.3348,-67.6694
0.0925170068027211,13.64,1.0743,7.0089,-4.3146,-135.6614,-107.615
0.0801360544217687,11.2277,3.0881,5.3382,-4.8516,-113.2458,-116.0753
0.08496598639455782,11.4423,0.8911,3.4331,-12.7456,-83.9279,-85.4352
0.08993197278911563,8.9586,2.8279,4.7862,-19.3113,-98.4378,-114.3944
0.10054421768707483,11.7823,1.3822,4.0979,-13.1705,-87.1969,-96.3698
0.2380952380952381,14.3583,0.6245,6.0858,2.7884,-121.6579,-107.8443
0.09523809523809523,6.4062,2.4792,4.6054,-4.9633,-91.7815,-95.6347
0.09782312925170067,6.0773,2.7764,5.3364,-16.9583,-104.7635,-109.2085
0.11224489795918369,9.5218,1.6872,5.9591,-21.8265,-111.4639,-115.3334
0.05081632653061226,12.8467,1.3508,5.1125,5.4152,-100.3425,-82.9222
0.05081632653061226,11.726,0.7881,4.5271,-13.7274,-86.3348,-67.6694
0.05251700680272109,17.245,1.7199,7.4134,8.444,-149.2802,-125.202
0.12503401360544217,9.5252,0.945,2.6601,-10.8206,-63.8705,-74.6911
0.054421768707483,11.7028,0.9242,5.4254,-14.9815,-105.0538,-110.3765
0.23823129251700684,4.8839,0.6801,2.1451,-3.3003,-46.8553,-50.1556
0.032380952380952385,4.7817,2.4126,3.0951,-5.5917,-62.2253,-62.4694
0.7788435374149659,11.2761,0.5041,3.372,-10.4759,-73.6087,-73.9476
0.8165306122448979,3.9809,1.2047,1.4213,-7.3514,-29.5241,-36.8756
0.8503401360544217,9.1494,0.0,1.7259,3.9492,-41.6767,-26.0461
0.0,12.2973,1.8251,5.7629,-16.6191,-108.357,-119.676
0.046802721088435376,12.8716,1.3965,6.5548,-9.3106,-124.4676,-106.3154
0.047619047619047616,7.829,2.2322,4.7343,-6.1207,-91.8849,-92.1078
0.047619047619047616,12.483,0.6602,5.4229,-6.491,-121.1642,-98.5399
1.0,4.9736,1.4673,2.6869,-14.7451,-52.1886,-66.9337
1.0,19.6903,2.3379,8.84,0.1271,-185.7864,-171.1896
1.0,11.1935,0.8188,4.2744,-10.923,-87.8622,-77.8048
1.0,4.6053,0.9027,2.4024,-8.694,-53.3619,-58.1834
1.0,12.1338,0.6134,5.3443,-19.0551,-105.7536,-99.4167
1.0,12.7792,0.5369,4.671,-11.66,-101.8583,-105.8975
0.5721088435374149,15.3938,0.7343,6.8999,-8.6725,-143.0226,-134.4051
0.0,9.694,2.4347,6.3162,-7.7461,-119.5117,-110.7529
0.0,11.899,0.8636,4.5205,-1.57,-96.3521,-97.2878
0.9387755102040816,13.4279,0.0,5.3305,2.8164,-113.5576,-76.3473
1.0,11.2128,0.5734,4.8599,-5.9957,-105.2838,-88.9366
1.0,11.1023,1.7921,4.7799,-0.0137,-100.2138,-94.9502
1.0,4.1122,1.8573,3.435,-14.7941,-65.007,-83.1603
1.0,7.264,1.7026,3.8193,-6.5845,-76.1046,-82.5032
1.0,4.7641,0.0,1.9565,-11.6766,-40.356,-44.0608
1.0,6.5078,0.732,3.0899,-10.6121,-59.2154,-67.9031
1.0,10.9349,1.5191,5.1863,-12.7581,-105.1921,-117.9502
1.0,6.8216,0.6671,3.7249,-14.1296,-73.979,-81.3385
1.0,6.4164,0.8212,2.9221,-13.8209,-59.6128,-68.4212
0.0,20.4067,4.9027,10.2903,-3.1343,-225.2243,-203.0725
0.0,12.0868,0.8755,4.2818,-2.2561,-91.6579,-83.4691
0.0,12.7142,0.8898,4.6019,2.1051,-98.701,-91.7369
0.5454421768707483,15.3345,0.7652,6.7002,-11.1591,-139.6422,-134.7101
0.03884353741496599,12.3423,1.2449,5.4672,0.1425,-120.1752,-103.2064
0.48299319727891155,8.4806,1.7701,4.9119,-8.7699,-92.8082,-95.0215
0.4838775510204081,12.7551,2.0116,6.713,-9.539,-142.8089,-126.1808
0.4961224489795918,9.6109,2.9206,5.9402,-10.007,-120.6116,-119.2361
0.0,11.5186,1.8664,6.0727,8.4058,-134.4728,-89.739
0.0,9.0249,1.2151,3.6307,8.6824,-77.3255,-68.6431
0.0,9.9579,0.9917,3.8152,-8.2747,-83.1458,-79.4051
0.18979591836734694,4.4904,0.6147,1.633,-4.0444,-34.3095,-38.3539
0.10054421768707483,6.9808,1.0227,2.7526,-10.2637,-56.4481,-67.2826
0.013673469387755103,12.9739,0.635,5.0163,-15.8408,-97.4337,-109.1678
0.027210884353741496,11.0656,1.5627,4.6506,-5.9551,-93.1031,-88.8404
0.2380952380952381,13.2176,1.0216,6.766,-27.074,-133.0624,-132.9206
0.2442176870748299,11.8262,3.3874,6.0268,-6.904,-125.7944,-128.9452
0.20482993197278912,14.0186,0.7679,7.2234,-13.1453,-137.1262,-110.6879
0.01068027210884354,9.1847,1.2254,5.427,7.7146,-104.8685,-65.1755
0.018707482993197282,12.5399,1.3463,5.8971,8.4821,-124.564,-95.0646
0.027142857142857146,11.0045,1.5663,4.6438,-5.9522,-92.98,-88.6693
0.013945578231292517,11.6721,1.4371,3.5286,-13.2486,-74.0344,-87.283
0.02040816326530612,10.1742,0.0,4.4001,-13.2478,-83.5345,-71.3257
0.022517006802721087,15.4134,0.7764,7.8031,-2.6614,-154.9899,-100.3736
0.02775510204081633,11.975,2.5105,6.6217,10.4773,-132.4756,-121.9983
0.08258503401360545,11.8262,3.3874,6.0268,-6.904,-125.7944,-128.9452
0.08843537414965986,5.8234,0.8288,2.5477,-13.668,-51.7926,-65.4429
0.16272108843537417,17.1238,2.216,7.3368,-1.8058,-151.653,-140.6976
0.12503401360544217,5.0282,1.6073,3.5688,-13.2596,-62.6385,-63.7527
0.05251700680272109,8.7234,0.9855,4.4228,-13.6428,-95.6018,-92.7572
0.02040816326530612,8.0212,0.0,3.245,-13.05,-58.353,-47.8344
0.013605442176870746,12.6965,0.991,5.412,-1.9477,-115.5352,-89.1139
0.07646258503401361,10.5313,0.701,3.5263,-0.3319,-79.8692,-80.2011
0.01142857142857143,13.6282,0.6179,6.1394,-16.7605,-123.014,-114.5049
0.9857823129251699,7.6304,0.0,2.7677,-11.734,-57.0071,-48.4391
0.047619047619047616,14.3401,1.5281,6.4465,-3.7916,-128.6267,-117.2862
0.15047619047619049,15.0946,2.921,7.6484,-19.2523,-152.4266,-155.9322
0.16272108843537417,14.4901,4.4669,9.4754,1.1503,-181.8222,-153.8483
1.0,14.7056,0.0,5.2276,-14.2789,-108.8378,-85.2964
1.0,8.4024,0.0,3.2926,-6.883,-65.8555,-58.3746
1.0,34.2417,3.2166,13.3601,34.0122,-295.8176,-210.1502
1.0,8.5868,0.5394,3.9816,-4.2506,-78.0383,-59.2334
1.0,7.8726,0.6373,1.9476,2.8037,-45.625,-42.8213
0.0925170068027211,13.5868,2.0719,7.2189,-16.5527,-142.5066,-139.3343
0.062244897959183684,11.0045,1.5663,4.6438,-5.9522,-92.98,-88.6693
0.4897959183673469,12.0798,0.6211,5.1061,-4.8844,-110.966,-90.8702
0.5578231292517006,11.54,2.6606,4.5997,9.5203,-100.4685,-90.9482
0.5986394557823129,5.2231,0.8524,2.3525,-11.2933,-43.9221,-51.0337
0.012176870748299321,6.8046,2.1724,3.8936,-14.9201,-73.9792,-88.8993
0.012176870748299321,13.4906,2.3429,7.9486,-8.6126,-152.0664,-136.4931
0.01612244897959184,9.4249,1.3528,4.7096,6.0908,-111.3511,-76.3443
0.08496598639455782,7.5156,0.4948,2.528,3.7734,-49.7564,-41.5109
0.08993197278911563,10.5072,1.4478,4.6964,-13.5025,-92.8889,-106.3914
0.057687074829931975,14.8158,0.6998,6.0857,-11.0831,-115.7861,-112.896
0.1319047619047619,11.2128,0.5734,4.8599,-5.9957,-105.2838,-88.9366
1.0,12.0005,0.0,4.5459,-3.7989,-95.4422,-75.2575
0.17006802721088435,7.0329,2.651,4.8369,-6.4906,-96.2305,-99.4713
0.17129251700680273,8.7234,0.9855,4.4228,-13.6428,-95.6018,-92.7572
0.18034013605442178,11.3404,0.0,4.6402,-8.6898,-91.189,-76.117
0.19047619047619047,12.5108,1.6178,5.1052,-10.1316,-110.6552,-112.6806
0.19972789115646258,8.3737,1.1948,3.5648,-6.6298,-70.8379,-77.4677
0.22659863945578232,14.2866,1.9584,6.1933,-3.887,-130.2318,-123.9759
0.2380952380952381,12.1122,0.0,3.6765,6.8163,-83.7209,-49.3029
0.012925170068027212,13.4595,0.7041,6.2921,-13.6343,-119.4723,-116.3644
0.013605442176870746,14.4724,2.3948,8.5312,-7.574,-165.1261,-147.1228
0.015306122448979591,5.4601,1.5106,2.436,-14.6677,-48.7646,-57.3559
0.017006802721088437,11.5271,0.7848,4.6785,-4.1748,-100.84,-96.7792
0.23823129251700684,14.4573,0.8715,6.7029,-6.9448,-132.2701,-107.1155
1.0,10.8651,0.8659,4.1723,-4.6274,-90.4643,-72.1675
1.0,14.0897,0.7219,6.087,-3.8249,-116.8056,-99.6499
1.0,12.9259,3.07,6.4666,1.366,-133.5459,-124.6595
0.061224489795918366,5.7891,2.723,3.5469,7.5353,-74.754,-67.2187
0.1465986394557823,10.0011,0.0,4.4197,-10.7291,-91.0859,-68.5791
0.1564625850340136,12.9744,1.748,6.2461,-6.2857,-120.3216,-116.73
0.16272108843537417,5.7385,0.5866,2.4362,-0.8832,-50.8832,-51.7664
0.17006802721088435,13.8198,1.484,5.4663,1.6154,-117.1196,-111.0714
0.18034013605442178,11.9015,0.0,3.8984,-3.9735,-79.825,-70.3924
0.18857142857142856,9.0294,1.3902,4.3661,-6.2678,-78.2498,-78.0861
0.23129251700680273,15.4483,4.771,7.2635,-9.0189,-153.8896,-155.1269
0.6919047619047618,14.3302,0.0,4.6297,1.3797,-95.645,-86.4691
0.7142857142857142,10.181,2.2556,6.3722,-19.4465,-115.879,-130.7724
0.7974829931972789,9.7309,0.5277,3.8205,-11.3349,-78.7156,-85.7672
0.8559183673469387,10.4748,1.7153,5.2431,-10.0348,-100.2375,-99.2949
0.9186394557823128,8.7017,3.896,6.4123,0.8933,-127.5784,-116.9817
0.9404761904761905,6.4969,0.7042,3.594,-3.8259,-67.1298,-64.313
0.9628571428571427,6.8069,1.3512,3.3658,-9.7366,-61.3906,-63.5225
0.07346938775510205,13.4783,0.6991,3.6978,-4.8623,-80.5651,-76.2073
0.07789115646258503,11.9428,2.3189,5.9603,-3.0415,-124.1318,-121.1601
1.0,13.64,1.0743,7.0089,-4.3146,-135.6614,-107.615
1.0,6.5446,1.048,2.4641,-6.0315,-48.8787,-54.9102
1.0,5.4947,2.6683,3.9728,-7.6264,-79.9743,-78.9953
1.0,8.3106,0.0,3.4432,-13.1544,-65.1617,-54.2434
1.0,6.4983,2.2731,3.5535,-10.0239,-74.4553,-84.4791
0.07789115646258503,15.9744,2.1668,6.9886,-2.1022,-142.206,-117.3735
0.08020408163265305,8.1629,0.6473,3.8143,-10.6644,-74.129,-73.7235
0.0672108843537415,7.9412,1.4141,3.1962,-3.7439,-67.8501,-71.5939
0.0816326530612245,11.5694,1.6885,4.9158,-11.2445,-106.4848,-109.8932
0.0816326530612245,12.2701,2.495,6.5454,-12.4161,-132.8544,-145.2705
0.11564625850340135,12.7495,2.5817,6.9383,-12.855,-139.9069,-145.1371
0.06523809523809523,11.1887,1.4102,4.6915,-14.588,-90.1283,-94.387
0.19047619047619047,12.9107,1.0437,6.2587,-4.5568,-126.7036,-103.4096
0.7142857142857142,12.233,3.5004,5.1828,-14.7392,-107.675,-122.4595
0.0,13.6982,1.2772,5.919,-17.8602,-120.3916,-119.6441
0.3365986394557823,5.4302,0.8519,2.0114,-13.4984,-37.7362,-40.5278
0.8559183673469387,7.7168,0.9354,2.6317,-4.7754,-61.7491,-66.5244
0.9186394557823128,6.627,0.6715,3.0847,-14.076,-63.6969,-70.5337
0.18448979591836734,7.0329,2.651,4.8369,-6.4906,-96.2305,-99.4713
0.04020408163265306,8.6034,2.1031,4.6786,-11.6039,-90.3896,-102.3276
0.09782312925170067,25.3443,3.2252,11.1901,-14.4168,-235.8352,-215.8094
0.19047619047619047,12.7813,2.2793,5.3317,4.9031,-121.7712,-116.8681
0.06326530612244899,12.0956,2.088,6.084,-12.6178,-130.8737,-124.1611
0.006802721088435375,11.3434,0.0,4.7126,-8.6697,-92.3062,-70.2315
0.014489795918367344,17.1871,0.0,7.2115,-8.9457,-153.5488,-121.3048
0.629251700680272,5.8847,1.4042,3.0579,-14.0794,-60.4792,-71.856
0.1465986394557823,12.0468,0.8113,5.0902,-10.1997,-107.0692,-104.6739
0.0,6.1159,0.6985,2.4547,-6.3624,-47.5825,-49.8398
0.0816326530612245,11.7873,1.4243,4.9407,5.2783,-97.6293,-80.4841
0.6666666666666666,11.6159,0.0,2.4822,0.9488,-55.4488,-34.345
0.945578231292517,8.965,0.4398,3.2749,-7.743,-66.2131,-73.9561
0.17687074829931973,10.3327,1.382,5.1402,-4.7445,-111.97,-101.4259
0.1465986394557823,6.6069,1.9225,3.7313,-9.1292,-78.3779,-80.9581
0.42857142857142855,14.7967,0.0,3.9747,-4.9018,-90.5311,-74.4557
0.0,8.7225,3.767,7.0579,-6.1176,-139.0747,-132.8911
0.04727891156462585,10.5871,1.6349,5.1498,-8.1261,-101.7294,-96.463
0.15591836734693879,13.3101,2.227,5.905,0.3271,-121.2729,-111.6809
0.09013605442176871,11.9531,1.0149,4.8648,-8.443,-98.4416,-96.8206
0.14278911564625849,12.1275,1.0087,5.8935,-16.6151,-113.6747,-107.183
1.0,13.8725,1.3972,5.8295,-8.4057,-127.0664,-126.2691
0.0,9.3992,3.4633,6.5643,-9.24,-127.8366,-111.83
0.4502040816326531,14.5005,1.9851,6.207,-2.5068,-130.654,-123.3235
0.08496598639455782,7.2962,1.9725,4.4184,-7.3301,-95.7514,-89.3553
0.27210884353741494,11.1113,1.0006,4.4713,-12.0729,-89.417,-93.066
0.015306122448979591,11.9366,0.7225,5.8013,-13.2001,-108.7719,-109.236
0.4965986394557823,12.3392,0.0,2.4736,-6.4488,-56.1403,-42.6811
0.0692517006802721,7.2287,1.1557,2.8231,6.2619,-59.5355,-53.2735
0.5578231292517006,11.2277,3.0881,5.3382,-4.8516,-113.2458,-116.0753
0.0,4.06,0.9163,1.9155,-9.0912,-35.4174,-35.0869
0.06326530612244899,12.6934,0.5321,4.5805,-7.9698,-103.4305,-90.1136
1.0,15.536,0.7396,6.8538,-7.5682,-142.363,-133.1948
0.03748299319727891,5.4627,0.9762,2.9664,-5.5304,-61.7155,-58.6571
0.10340136054421768,7.9386,1.0029,2.4938,-18.6546,-47.5418,-59.5376
0.4838775510204081,7.5031,2.6045,5.3532,-11.1792,-108.654,-101.5231
0.04693877551020409,13.2886,1.4079,5.8958,6.3127,-118.6448,-99.602
0.06462585034013606,8.9927,2.3828,4.1701,-3.4135,-91.4739,-94.8874
0.8559183673469387,9.5411,0.7612,4.1571,-19.0499,-82.205,-90.2413
0.42857142857142855,13.5153,0.0,3.995,-5.4451,-81.3424,-61.5721
0.0,5.9,2.1927,3.768,-6.29,-77.6012,-79.1751
1.0,9.1447,1.3384,4.8105,-8.3637,-91.8799,-88.2319
0.014693877551020407,6.8266,3.157,5.3124,-4.493,-103.0018,-98.8956
0.046054421768707485,11.5028,1.5353,6.0078,-9.3549,-118.838,-122.0801
1.0,6.4623,1.198,2.6512,2.6165,-55.3535,-52.737
0.108843537414966,10.8321,0.7567,4.0192,-7.7282,-77.2508,-77.9284
1.0,8.0301,1.0103,2.5898,-18.6677,-49.1495,-60.611
0.16272108843537417,12.5432,0.6127,2.7577,-9.0319,-61.6409,-70.6728
0.0,12.8909,1.4738,5.8011,1.893,-116.502,-102.5486
0.013605442176870746,9.1624,1.9948,4.5834,-7.9519,-97.2411,-94.1407
0.0,12.6078,0.7967,4.6305,-9.0324,-107.4422,-97.1934
0.9047619047619047,7.4723,2.1125,3.6514,-11.4407,-70.9778,-82.4185
0.08993197278911563,11.5884,2.6797,6.9062,-11.955,-133.9787,-134.5808
0.1119047619047619,7.2928,2.3333,4.6019,-7.231,-89.0439,-91.3927
0.0782312925170068,11.0139,2.7382,4.3754,-9.3291,-99.0862,-108.4153
0.012789115646258505,9.2588,1.4257,4.7661,-18.086,-91.0446,-92.3494
0.032380952380952385,8.1,0.9641,3.019,-18.7099,-56.1623,-64.0319
0.42176870748299317,9.5828,2.8081,5.4086,-11.0871,-109.9759,-109.2384
0.32054421768707475,13.5568,0.0,6.122,-15.9125,-117.9854,-98.6434
0.0,10.819,1.5546,4.7213,-7.0767,-94.9526,-91.6013
0.2608843537414966,8.8057,3.2909,6.2991,-3.2024,-128.8903,-117.2135
0.07482993197278912,14.4745,1.5041,4.2111,-9.1581,-96.1019,-105.26
0.06326530612244899,12.3423,1.2449,5.4672,0.1425,-120.1752,-103.2064
0.0,7.1703,0.0,3.9883,-5.9955,-75.1858,-44.7957
0.031224489795918364,11.3762,2.9338,7.6367,-27.6912,-133.7549,-137.9397
0.0,7.6559,0.9431,3.2693,-5.333,-71.0695,-72.9302
0.23823129251700684,13.1504,2.0491,6.6265,-10.0055,-139.6592,-120.2819
0.024557823129251703,10.3999,1.9915,5.3862,-13.4553,-115.1303,-120.3854
1.0,9.3031,0.772,4.1074,-10.0881,-84.7433,-93.9708
1.0,8.6141,0.0,2.4245,-7.3505,-49.6939,-46.0061
0.2631972789115646,11.9335,1.8916,6.1131,-21.0892,-118.5659,-130.6158
0.0,12.7777,0.974,5.4016,-1.9521,-115.5539,-89.1567
0.4838775510204081,3.7145,1.5213,2.5252,-6.1909,-47.6657,-53.7894
0.0,15.5112,4.0139,10.3513,-13.6312,-206.6271,-174.1986
0.0,11.0455,1.8462,5.4922,-23.5367,-108.6499,-107.7485
1.0,12.4761,3.0619,6.3067,0.8659,-130.0704,-119.0861
1.0,10.6073,0.0,3.8746,-7.4621,-85.9284,-75.2622
0.9857823129251699,8.5771,1.4484,4.6164,-7.9648,-90.5331,-91.5583
0.0,34.189,15.0839,23.8619,32.0994,-468.3008,-436.2014
0.8979591836734694,8.9836,0.8132,3.2041,-7.3498,-73.164,-69.5393
0.061224489795918366,9.0249,1.2151,3.6307,8.6824,-77.3255,-68.6431
0.0,13.8141,0.8044,5.2948,1.8601,-115.8889,-107.4377
0.04918367346938776,4.7548,2.0882,2.9398,-8.4405,-69.2823,-77.7228
0.10625850340136056,11.6383,0.5399,4.3292,4.0925,-91.3428,-65.1892
0.5782312925170068,9.5889,2.0853,4.1253,-1.0122,-85.9625,-86.1681
0.05081632653061226,11.7197,0.0,4.4695,-6.5147,-91.7673,-85.7472
0.18503401360544217,14.2886,1.9842,6.2494,-4.7386,-131.5256,-125.8944
0.6919047619047618,10.3578,0.9097,3.2494,-8.6664,-71.7375,-76.4379
0.0,8.1541,0.7617,2.9993,-12.1349,-68.5306,-73.899
1.0,10.0544,0.7849,4.44,-11.7423,-92.1309,-99.6393
0.0,4.6506,1.5571,3.1111,0.9877,-56.8822,-51.9177
0.5859183673469387,14.3472,0.0,5.1241,-14.2698,-106.6575,-84.2101
0.5859183673469387,13.6595,1.5567,6.4142,-0.3794,-121.7821,-103.6388
0.5986394557823129,6.7673,1.7207,4.0876,-8.3536,-82.9661,-95.1951
0.14278911564625849,10.4723,1.6271,5.1251,-16.2744,-107.5051,-109.4441
0.04918367346938776,11.0036,1.3455,4.588,-24.5672,-91.1121,-112.3334
0.04163265306122449,8.0301,1.0103,2.5898,-18.6677,-49.1495,-60.611
0.0,12.5696,0.9822,5.606,-3.8309,-122.7198,-102.299
0.014761904761904764,10.6172,3.6623,5.5864,-5.8937,-116.7389,-123.8155
0.006802721088435375,12.0553,0.9549,4.8707,-3.6786,-103.8375,-92.6038
0.022517006802721087,4.7548,2.0882,2.9398,-8.4405,-69.2823,-77.7228
0.04918367346938776,11.5195,0.5896,5.017,-12.587,-98.5566,-97.1234
0.2504081632653061,11.6388,2.6439,6.7918,-28.1541,-131.347,-134.409
0.34489795918367344,14.9197,1.3983,6.808,-6.3216,-135.1199,-118.5024
0.13904761904761906,12.3883,0.6323,5.7248,-16.4365,-114.0992,-126.4776
0.0,10.2098,1.292,5.2199,-18.4498,-95.9609,-98.199
0.01068027210884354,5.2194,1.9578,3.0386,-9.3,-64.1002,-70.5908
0.0925170068027211,11.7735,0.0,4.43,-8.5755,-88.6529,-71.327
0.0,31.8442,15.766,24.4402,27.7085,-475.0432,-447.3347
0.09782312925170067,4.298,1.8883,3.1465,-5.2499,-62.7091,-61.5564
0.004285714285714285,4.4702,3.4619,4.1722,-7.1775,-76.1911,-83.3686
0.02857142857142857,9.5075,1.0237,4.4632,-6.2616,-85.2538,-82.8959
0.07346938775510205,4.6365,1.0681,1.9616,-8.7423,-35.813,-44.5553
0.0,6.3611,3.6811,5.6403,-13.2693,-117.1623,-123.6676
0.013061224489795919,7.9184,4.0103,6.4522,-3.4276,-127.3051,-120.1778
1.0,8.3415,0.8411,4.2882,-4.4063,-92.5264,-82.9602
