Trial Number,Parameters,Spearman,Predictions,Std
0,"{'alpha': 0.06741618241000248, 'l1_ratio': 0.017007099535465454}",0.243248477614929,"[0.2627860453520847, 0.30538268528356816, 0.2627860453520847, 0.30538268528356816, 0.5725699374426172, 0.6399474895172294, 0.6431070529528244, 0.3226546663051977, 0.42378130326422747, 0.3226546663051977, 0.3501800988364446, 0.20015472675577484, 0.20015472675577484, 0.2377540113299713, 0.26997125764911467, 0.26997125764911467, 0.30128358199405614, 0.2926438506747331, 0.24556467651643174, 0.14973907815830972, 0.1514984304121612, 0.1514984304121612, 0.3028948975079243, 0.052110758711334804, 0.08113288615512665, 0.17665506722421723, 0.34516804534294226, 0.16193169849987404, 0.20676082996562128, 0.23471328033599617, 0.3489333667807295, 0.240398939817278, 0.2010751704843395, 0.2083398669471707, 0.21474650853337274, 0.22004992272181625, 0.11448170556069853, 0.20003310957112186, 0.3490344741963421, 0.17813459272131937, 0.18372261794087094, 0.049194213896165795, 0.32309636624506, 0.4311671485175695, 0.23052636305494123, 0.26768012950169934, 0.3291280125143953, 0.2922987477334551, 0.40786777805024776, 0.23109460306242072, 0.318726429620636, 0.4063560602077045, 0.2900811050654657, 0.3554440721572245, 0.3110968539081018, 0.3345204254544964, 0.3379105792047891, 0.3966711332170341, 0.25071365914658267, 0.17346372432419108, 0.17346372432419108, 0.18155750923743166, 0.25071365914658267, 0.4627325651373217, 0.4627325651373217, 0.25784000875529445, 0.25784000875529445, 0.29405353125650885, 0.27897521368411077, 0.4260844615691676, 0.1879626877138455, 0.49299366193967514, 0.0994126315331772, 0.11328976689397169, 0.3233700602897576, 0.3559463393628481, 0.3455168868559852, 0.2408612039026341, 0.21110682842018433, 0.3370953135172079, 0.3010380501412825, 0.28406719510745876, 0.29417870809922536, 0.296207211693848, 0.28403797515438023, 0.3210556925475863, 0.3555916886537919, 0.28403797515438023, 0.3388349026754079, 0.3555916886537919, 0.44435623705096966, 0.21784290487765814, 0.2894812676350207, 0.21784290487765814, 0.2894812676350207, 0.16979953570764925, 0.30205955486050906, 0.2554735413101682, 0.2596314683602002, 0.22196428983562788, 0.22196428983562788, 0.24445668612862947, 0.36513973722295234, 0.21974247106421582, 0.2812834181610628, 0.11275436186876686, 0.45205004509307933, 0.3378998073188327, 0.4024807892145228, 0.20939679746463633, 0.27421525541421243, 0.27421525541421243, 0.20949184878683344, 0.21471150478210868, 0.5437073811678077, 0.5437073811678077, 0.2998127792081873, 0.3648290674419417, 0.28894735783970293, 0.1885795665578088, 0.24104905384926456]","[0.0, 0.0, 0.0, 0.0, 0.0, 0.0, 0.0, 0.0, 0.0, 0.0, 0.0, 0.0, 0.0, 2.7755575615628914e-17, 0.0, 0.0, 0.0, 0.0, 2.7755575615628914e-17, 0.0, 0.0, 0.0, 0.0, 0.0, 0.0, 2.7755575615628914e-17, 0.0, 0.0, 0.0, 0.0, 0.0, 0.0, 2.7755575615628914e-17, 2.7755575615628914e-17, 0.0, 0.0, 0.0, 0.0, 5.551115123125783e-17, 0.0, 2.7755575615628914e-17, 0.0, 0.0, 0.0, 0.0, 0.0, 0.0, 0.0, 0.0, 2.7755575615628914e-17, 0.0, 5.551115123125783e-17, 0.0, 0.0, 0.0, 0.0, 5.551115123125783e-17, 5.551115123125783e-17, 0.0, 2.7755575615628914e-17, 2.7755575615628914e-17, 2.7755575615628914e-17, 0.0, 0.0, 0.0, 0.0, 0.0, 0.0, 0.0, 0.0, 0.0, 0.0, 0.0, 0.0, 0.0, 0.0, 5.551115123125783e-17, 0.0, 2.7755575615628914e-17, 0.0, 0.0, 0.0, 0.0, 0.0, 0.0, 0.0, 5.551115123125783e-17, 0.0, 5.551115123125783e-17, 5.551115123125783e-17, 0.0, 2.7755575615628914e-17, 0.0, 2.7755575615628914e-17, 0.0, 2.7755575615628914e-17, 0.0, 0.0, 0.0, 0.0, 0.0, 0.0, 0.0, 0.0, 0.0, 0.0, 0.0, 0.0, 0.0, 2.7755575615628914e-17, 0.0, 0.0, 2.7755575615628914e-17, 0.0, 0.0, 0.0, 0.0, 0.0, 0.0, 2.7755575615628914e-17, 0.0]"
1,"{'alpha': 0.06899145009104773, 'l1_ratio': 0.017845431436068104}",0.23861659732812698,"[0.2616137020942453, 0.30422911779229056, 0.2616137020942453, 0.30422911779229056, 0.5670979736569655, 0.6330771493824521, 0.6359340769734053, 0.3216534571925562, 0.42240522246523593, 0.3216534571925562, 0.3491865990889192, 0.20089215213518843, 0.20089215213518843, 0.2398690513656793, 0.2686431643238173, 0.2686431643238173, 0.30154186924655013, 0.2913615991772447, 0.24776073542087917, 0.1523881884825397, 0.15289089248285276, 0.15289089248285276, 0.3000271855910539, 0.05512417915520529, 0.08448954430792349, 0.17907110787272948, 0.3465134569152621, 0.1652235706016782, 0.20852038617092405, 0.23549768232645382, 0.3475996563707355, 0.24110817043431573, 0.20290989806306217, 0.20932751812014583, 0.213485862101334, 0.22005062293166144, 0.11721203297233479, 0.20187715049236454, 0.34800313818053596, 0.17917336755911015, 0.18457042383019204, 0.05225031090413934, 0.3230873484893725, 0.42973872731692636, 0.22958136343116456, 0.2663966650358979, 0.32829952584787925, 0.2939958873741718, 0.40337366092750965, 0.23327433895000857, 0.3201932064868097, 0.40411944701163943, 0.2890749829282968, 0.35305106018962723, 0.3088609956618594, 0.3326930634894933, 0.33653968266242423, 0.3945725753745029, 0.25125900058553136, 0.17426137645496975, 0.17426137645496975, 0.18308392054486192, 0.25125900058553136, 0.4613010655394694, 0.4613010655394694, 0.25890062471329944, 0.25890062471329944, 0.2940835411581235, 0.2795649548750465, 0.4241344694025182, 0.1891937351414427, 0.4901434929163328, 0.10262784493308724, 0.11632538287914951, 0.32059326097467844, 0.3532210390585517, 0.342249911486946, 0.2445443890795357, 0.21481800769183404, 0.3388267623841615, 0.3030390752118537, 0.28592898451300824, 0.29646860790030843, 0.294144304960961, 0.28354490789051345, 0.3196111748279664, 0.35326875792566065, 0.28354490789051345, 0.337983247331559, 0.35326875792566065, 0.44247845599086655, 0.2175912288801735, 0.28590835958557115, 0.2175912288801735, 0.28590835958557115, 0.17358353316858288, 0.2991022047027989, 0.25501529264611233, 0.260098752711669, 0.2213001942420855, 0.2213001942420855, 0.24441861159799816, 0.3620173646417289, 0.21988221619437398, 0.2811830250476054, 0.11602622744694852, 0.44879386542736843, 0.33865823003355827, 0.4025563965157593, 0.2105319464232965, 0.27409916292030023, 0.27409916292030023, 0.21018177452869882, 0.21658294469879846, 0.5402910100450915, 0.5402910100450915, 0.3008847843795963, 0.3638797430129306, 0.288179020020921, 0.18796654360072332, 0.24039831516414134]","[0.0, 0.0, 0.0, 0.0, 0.0, 0.0, 0.0, 0.0, 0.0, 0.0, 0.0, 0.0, 0.0, 2.7755575615628914e-17, 0.0, 0.0, 0.0, 0.0, 0.0, 0.0, 0.0, 0.0, 0.0, 0.0, 0.0, 2.7755575615628914e-17, 5.551115123125783e-17, 0.0, 0.0, 0.0, 5.551115123125783e-17, 2.7755575615628914e-17, 0.0, 0.0, 0.0, 0.0, 0.0, 0.0, 0.0, 2.7755575615628914e-17, 2.7755575615628914e-17, 0.0, 0.0, 0.0, 0.0, 0.0, 0.0, 0.0, 5.551115123125783e-17, 2.7755575615628914e-17, 0.0, 0.0, 0.0, 0.0, 0.0, 0.0, 5.551115123125783e-17, 0.0, 0.0, 0.0, 0.0, 2.7755575615628914e-17, 0.0, 5.551115123125783e-17, 5.551115123125783e-17, 0.0, 0.0, 0.0, 0.0, 0.0, 0.0, 0.0, 0.0, 0.0, 0.0, 0.0, 5.551115123125783e-17, 0.0, 0.0, 5.551115123125783e-17, 0.0, 0.0, 0.0, 0.0, 0.0, 0.0, 5.551115123125783e-17, 0.0, 0.0, 5.551115123125783e-17, 0.0, 0.0, 0.0, 0.0, 0.0, 0.0, 0.0, 0.0, 0.0, 2.7755575615628914e-17, 2.7755575615628914e-17, 0.0, 0.0, 0.0, 0.0, 0.0, 0.0, 5.551115123125783e-17, 5.551115123125783e-17, 0.0, 0.0, 0.0, 2.7755575615628914e-17, 0.0, 0.0, 0.0, 0.0, 0.0, 0.0, 2.7755575615628914e-17, 0.0]"
2,"{'alpha': 0.02864491746933832, 'l1_ratio': 0.002102422774588303}",0.2735273135323218,"[0.2712933917481431, 0.3155739736560258, 0.2712933917481431, 0.3155739736560258, 0.6811981712307745, 0.7723284696846814, 0.7872689073357066, 0.33011800313072637, 0.4230780633575904, 0.33011800313072637, 0.3560351821871797, 0.21077428817154054, 0.21077428817154054, 0.18103232757453394, 0.3101702171230163, 0.3101702171230163, 0.29740255221630063, 0.3296180486466363, 0.17402610207922586, 0.105314602746851, 0.11596612817413166, 0.11596612817413166, 0.36235614189544596, -0.014319574967114224, 0.022050283347129107, 0.10577062905241075, 0.335592091260906, 0.09768881471247126, 0.18110170582916496, 0.24632130255274498, 0.40168663676419375, 0.24770147794882677, 0.16985274341426637, 0.20374332873655124, 0.24336280041086644, 0.21342951407328611, 0.042774410715757494, 0.16422451358925638, 0.42448431110905244, 0.1684470939522329, 0.17174161648322195, 0.001711628205878224, 0.3117450132807542, 0.4849518989604242, 0.26195837349595463, 0.30596359187356703, 0.3354575123671888, 0.28556114457655907, 0.5222602250493877, 0.18588326550582002, 0.28214845123631793, 0.4552595194412865, 0.3294317329335126, 0.42502497654243304, 0.3532498692118901, 0.37531188641980306, 0.3636600938859235, 0.45274892415905404, 0.24487825852563527, 0.16236326123952854, 0.16236326123952854, 0.18098298353886477, 0.24487825852563527, 0.4752525939510004, 0.4752525939510004, 0.24320781133761626, 0.24320781133761626, 0.303201028379603, 0.2637283552538597, 0.4659860781180605, 0.17543625133851046, 0.5567793370516207, 0.05210782103983258, 0.06721758888458607, 0.37274331981401043, 0.427713562918854, 0.4088254702440342, 0.16032853985692463, 0.13848006594786483, 0.3223353889738231, 0.2690395085386989, 0.2598375558307956, 0.2512764233012028, 0.3605077862089671, 0.28541619020332615, 0.37571798451227933, 0.42231518667900564, 0.28541619020332615, 0.3540918279052367, 0.42231518667900564, 0.4985340080192771, 0.24089334393689876, 0.38329720454235106, 0.24089334393689876, 0.38329720454235106, 0.09177243799915458, 0.3898623384595714, 0.24884762926779222, 0.24310120498084808, 0.24214037072314187, 0.24214037072314187, 0.2334568278696001, 0.42737959612652693, 0.20828673686471388, 0.29170932663973237, 0.02670951755778861, 0.5089698025503863, 0.3204519829329041, 0.4034651653642693, 0.19728698814972512, 0.2844229272694432, 0.2844229272694432, 0.17674705537132707, 0.18019498206225804, 0.6089336158717991, 0.6089336158717991, 0.29339282586661075, 0.3715093314729339, 0.30583369064009885, 0.22733956407205444, 0.26739666140298257]","[0.0, 0.0, 0.0, 0.0, 0.0, 0.0, 0.0, 0.0, 5.551115123125783e-17, 0.0, 5.551115123125783e-17, 0.0, 0.0, 2.7755575615628914e-17, 0.0, 0.0, 0.0, 0.0, 0.0, 0.0, 0.0, 0.0, 0.0, 0.0, 0.0, 0.0, 0.0, 0.0, 0.0, 0.0, 5.551115123125783e-17, 2.7755575615628914e-17, 0.0, 2.7755575615628914e-17, 0.0, 2.7755575615628914e-17, 0.0, 0.0, 0.0, 0.0, 0.0, 0.0, 0.0, 0.0, 0.0, 0.0, 0.0, 0.0, 0.0, 0.0, 0.0, 0.0, 0.0, 5.551115123125783e-17, 5.551115123125783e-17, 0.0, 5.551115123125783e-17, 5.551115123125783e-17, 0.0, 0.0, 0.0, 0.0, 0.0, 0.0, 0.0, 0.0, 0.0, 0.0, 0.0, 0.0, 2.7755575615628914e-17, 0.0, 0.0, 0.0, 0.0, 0.0, 0.0, 0.0, 0.0, 0.0, 0.0, 0.0, 0.0, 5.551115123125783e-17, 0.0, 0.0, 0.0, 0.0, 0.0, 0.0, 0.0, 0.0, 0.0, 0.0, 0.0, 0.0, 0.0, 2.7755575615628914e-17, 0.0, 0.0, 0.0, 0.0, 0.0, 0.0, 0.0, 0.0, 0.0, 0.0, 5.551115123125783e-17, 0.0, 0.0, 0.0, 0.0, 0.0, 0.0, 0.0, 0.0, 5.551115123125783e-17, 0.0, 2.7755575615628914e-17, 0.0]"
3,"{'alpha': 0.009056175500417867, 'l1_ratio': 0.0008721004974908235}",0.2684128749177679,"[0.2712655261522112, 0.31619684111475266, 0.2712655261522112, 0.31619684111475266, 0.735018249100405, 0.8357964374414215, 0.8656520567112113, 0.3283042020040215, 0.40248913600558206, 0.3283042020040215, 0.34993163919066, 0.22145786340801843, 0.22145786340801843, 0.1542865905638296, 0.31886722589173255, 0.31886722589173255, 0.29635552130385523, 0.3417028242871741, 0.15364432812094864, 0.09059313209951014, 0.097580967758292, 0.097580967758292, 0.4172090977124949, -0.06783631235864895, -0.019947148460052078, 0.07793312928802931, 0.34365793342136014, 0.06688623477009403, 0.17608877232976883, 0.26828650718828256, 0.44867482067408804, 0.26512555769340196, 0.16353549992156025, 0.20950509446793078, 0.27485209232996927, 0.2092827536435209, -0.0020735300757531716, 0.14451265560480747, 0.4793835419409403, 0.15626024177462722, 0.1600683617240765, -0.0042128530990357405, 0.30027130289506454, 0.5112788369271892, 0.2766541660491222, 0.33054077093030443, 0.33676158761586916, 0.32098987594711464, 0.5862449112824236, 0.17009748964987711, 0.25801244869645984, 0.48706822148011525, 0.37298775722910243, 0.47380921215834, 0.38409964554817105, 0.40969223675718397, 0.3851391204110219, 0.48215930238138927, 0.24351662773744173, 0.15288982652509336, 0.15288982652509336, 0.2021332100372092, 0.24351662773744173, 0.4644277903990282, 0.4644277903990282, 0.24904173797753817, 0.24904173797753817, 0.3054052361707551, 0.25270788990905274, 0.4878191304123865, 0.1900573127845785, 0.5890242687717012, 0.033379739152915144, 0.05075149900341058, 0.3927856720974778, 0.4685518438254636, 0.4334907830550026, 0.1115315208724107, 0.09880532372565654, 0.31492758825886763, 0.2522936572547779, 0.25582131201902575, 0.22422244751333142, 0.4072985411545116, 0.2823877485196741, 0.4158203592091006, 0.4643062498242296, 0.2823877485196741, 0.36775753541094475, 0.4643062498242296, 0.5153352589049399, 0.2630735429363802, 0.4304669121718501, 0.2630735429363802, 0.4304669121718501, 0.041630416170053586, 0.4467578542532531, 0.24168659995708106, 0.23218507972899075, 0.2726642492257766, 0.2726642492257766, 0.2298910776015095, 0.46452233333951004, 0.19711872211041293, 0.2784607169162555, -0.0209070387611624, 0.5344137840270422, 0.3088289355971833, 0.41180604179550934, 0.20088868884485023, 0.2929053157881018, 0.2929053157881018, 0.15696411177360925, 0.16117946799626653, 0.628206434355476, 0.628206434355476, 0.2938483887552574, 0.3641447090474565, 0.3255082227778928, 0.25023057059683973, 0.2976227074345337]","[0.0, 0.0, 0.0, 0.0, 1.1102230246251565e-16, 0.0, 0.0, 0.0, 0.0, 0.0, 5.551115123125783e-17, 0.0, 0.0, 0.0, 0.0, 0.0, 0.0, 0.0, 0.0, 0.0, 0.0, 0.0, 0.0, 0.0, 0.0, 0.0, 0.0, 0.0, 0.0, 0.0, 0.0, 0.0, 0.0, 2.7755575615628914e-17, 0.0, 0.0, 0.0, 0.0, 0.0, 0.0, 0.0, 0.0, 0.0, 0.0, 0.0, 0.0, 0.0, 0.0, 0.0, 2.7755575615628914e-17, 0.0, 5.551115123125783e-17, 5.551115123125783e-17, 0.0, 5.551115123125783e-17, 5.551115123125783e-17, 0.0, 0.0, 2.7755575615628914e-17, 0.0, 0.0, 0.0, 2.7755575615628914e-17, 0.0, 0.0, 2.7755575615628914e-17, 2.7755575615628914e-17, 0.0, 0.0, 0.0, 0.0, 0.0, 0.0, 0.0, 5.551115123125783e-17, 0.0, 0.0, 0.0, 0.0, 0.0, 0.0, 0.0, 0.0, 0.0, 0.0, 5.551115123125783e-17, 5.551115123125783e-17, 0.0, 5.551115123125783e-17, 5.551115123125783e-17, 0.0, 0.0, 0.0, 0.0, 0.0, 0.0, 0.0, 2.7755575615628914e-17, 2.7755575615628914e-17, 0.0, 0.0, 0.0, 5.551115123125783e-17, 0.0, 0.0, 0.0, 0.0, 0.0, 5.551115123125783e-17, 0.0, 0.0, 0.0, 0.0, 0.0, 0.0, 0.0, 0.0, 5.551115123125783e-17, 0.0, 0.0, 0.0]"
5,"{'alpha': 0.09976897362851248, 'l1_ratio': 0.0011458269936969185}",0.2763241128544335,"[0.2674152848211382, 0.31151436599231547, 0.2674152848211382, 0.31151436599231547, 0.5710859688229982, 0.6479947514094087, 0.6391837598573464, 0.3289943102148353, 0.43292833822192667, 0.3289943102148353, 0.3525431433528328, 0.21184405042181634, 0.21184405042181634, 0.21758497493551077, 0.2908213416429801, 0.2908213416429801, 0.29155065999185875, 0.3036542370409614, 0.21580483509973, 0.14105945781377305, 0.1626972958586374, 0.1626972958586374, 0.2953242863415228, 0.06218017183847724, 0.08551564696802, 0.16516385017379104, 0.33331459123896273, 0.147483691277005, 0.1998615035339161, 0.21822271108347222, 0.3356962218363766, 0.22563490235701003, 0.18764561114055742, 0.19649845948905031, 0.20189834199003853, 0.21927579776354644, 0.10737782764305953, 0.19272859732821432, 0.3513929509246068, 0.18725525586766756, 0.2059595794129109, 0.04724129909595909, 0.3329282644686621, 0.4427596213820341, 0.24813759208053301, 0.2814378933086859, 0.3267634503944639, 0.2890569405111593, 0.4183045522940548, 0.2245524825126438, 0.3135712555852575, 0.40523541708576366, 0.26725506383016084, 0.34256615365157184, 0.30057732425063466, 0.32103456124867297, 0.3216372155812083, 0.4034502753561953, 0.2487154182500625, 0.18970744098106573, 0.18970744098106573, 0.17599167354181666, 0.2487154182500625, 0.4618978791619515, 0.4618978791619515, 0.24884411998128772, 0.24884411998128772, 0.2951945563986933, 0.2703222403021224, 0.41669548989182087, 0.17055810932360282, 0.48951727395855854, 0.0971609725517088, 0.11472582658751512, 0.3335493157208991, 0.3653494746334868, 0.36040563055330943, 0.23264002217508292, 0.2052912742339815, 0.32818495867903474, 0.2923635500451925, 0.27423824053276763, 0.2865263435697286, 0.29026821493968374, 0.29075783777656267, 0.3205382216355468, 0.3579866078875947, 0.29075783777656267, 0.3332259571548516, 0.3579866078875947, 0.4655982755046029, 0.2106279479536842, 0.3043579660353238, 0.2106279479536842, 0.3043579660353238, 0.16528086175038426, 0.3175187134263439, 0.2584801591508, 0.25325040606878074, 0.21864250061740095, 0.21864250061740095, 0.25191890049598253, 0.35497635569334846, 0.23911869378050277, 0.30311656149118954, 0.10727682932579502, 0.4518818120054764, 0.33433646343880574, 0.38971506267279477, 0.21225672899373302, 0.27740281765963914, 0.27740281765963914, 0.20992654449313317, 0.21597543134716224, 0.5513489567350385, 0.5513489567350385, 0.2977240819525183, 0.36483859897865484, 0.27330509749081383, 0.21072987575154034, 0.26439830509411827]","[0.0, 0.0, 0.0, 0.0, 0.0, 0.0, 0.0, 0.0, 0.0, 0.0, 5.551115123125783e-17, 0.0, 0.0, 0.0, 0.0, 0.0, 0.0, 0.0, 0.0, 0.0, 0.0, 0.0, 0.0, 0.0, 0.0, 0.0, 0.0, 0.0, 2.7755575615628914e-17, 0.0, 0.0, 2.7755575615628914e-17, 2.7755575615628914e-17, 0.0, 0.0, 0.0, 0.0, 2.7755575615628914e-17, 0.0, 0.0, 2.7755575615628914e-17, 0.0, 0.0, 0.0, 2.7755575615628914e-17, 0.0, 0.0, 0.0, 5.551115123125783e-17, 0.0, 0.0, 5.551115123125783e-17, 0.0, 0.0, 0.0, 0.0, 0.0, 5.551115123125783e-17, 0.0, 0.0, 0.0, 0.0, 0.0, 0.0, 0.0, 2.7755575615628914e-17, 2.7755575615628914e-17, 0.0, 0.0, 5.551115123125783e-17, 0.0, 5.551115123125783e-17, 0.0, 0.0, 0.0, 0.0, 0.0, 2.7755575615628914e-17, 2.7755575615628914e-17, 0.0, 0.0, 0.0, 0.0, 0.0, 0.0, 0.0, 0.0, 0.0, 0.0, 0.0, 5.551115123125783e-17, 2.7755575615628914e-17, 0.0, 2.7755575615628914e-17, 0.0, 0.0, 0.0, 0.0, 0.0, 0.0, 0.0, 0.0, 5.551115123125783e-17, 0.0, 0.0, 0.0, 0.0, 0.0, 0.0, 2.7755575615628914e-17, 0.0, 0.0, 0.0, 0.0, 0.0, 0.0, 0.0, 0.0, 0.0, 0.0, 0.0]"
9,"{'alpha': 0.050527655500002454, 'l1_ratio': 0.008758143274966313}",0.2694119745540993,"[0.26995957098022905, 0.3126369999549595, 0.26995957098022905, 0.3126369999549595, 0.6225962960285036, 0.7020048941387883, 0.7093257321978904, 0.32851997439595926, 0.434310129311888, 0.32851997439595926, 0.35868006000904434, 0.20047956994217597, 0.20047956994217597, 0.21371196868582298, 0.29053349300163495, 0.29053349300163495, 0.2989304845339957, 0.3113008530580096, 0.2140137932670482, 0.12414949257473734, 0.1308808079966866, 0.1308808079966866, 0.3271260123197283, 0.025816277266529297, 0.05375510363729302, 0.14584474571667466, 0.3345312567218119, 0.12619452819454463, 0.19037811872080945, 0.23103485020058048, 0.36403820836746564, 0.23773108423341927, 0.17931000139522213, 0.20135884755727265, 0.22083769487597282, 0.21812347519980993, 0.08340388395675075, 0.18466054218931005, 0.3724025975978966, 0.17426998085302672, 0.17641966538506715, 0.02040787435873931, 0.3197198626403145, 0.44925005643815114, 0.24710988928512545, 0.2847853725595795, 0.3331330389242678, 0.27647552977068846, 0.4551380140443779, 0.2099898708022464, 0.30206138320337916, 0.42950336928322114, 0.30102569745149454, 0.3820364469461593, 0.3292652153403558, 0.35000254807166753, 0.348991898689292, 0.42438502524992333, 0.24800233274179165, 0.16825052330224521, 0.16825052330224521, 0.17454781195000427, 0.24800233274179165, 0.4726513037242852, 0.4726513037242852, 0.24513347511586034, 0.24513347511586034, 0.2973895453497418, 0.2743884488687811, 0.448043194499004, 0.17810873657047044, 0.5204121620048239, 0.06870871978967147, 0.0850894655568723, 0.3505392019520223, 0.3868909834297209, 0.3758337025186047, 0.20118932090330235, 0.1711986687643369, 0.32241036039570753, 0.27917658722417904, 0.2645269460690217, 0.2686410546618584, 0.32322398747584147, 0.2862726031299301, 0.34056184003911866, 0.38286744805255096, 0.2862726031299301, 0.3466724643600831, 0.38286744805255096, 0.46750887312247497, 0.22315388669615518, 0.3305526763899671, 0.22315388669615518, 0.3305526763899671, 0.13476827508780648, 0.33843746419349374, 0.2547133508867704, 0.2548266495264787, 0.2264468329621806, 0.2264468329621806, 0.24084709261035483, 0.39301344465186117, 0.21631828009642703, 0.2834856641459961, 0.0762637645913628, 0.48250490849112854, 0.3307840621033696, 0.4021539934205564, 0.2020758748194645, 0.28154925741153947, 0.28154925741153947, 0.19855153180740906, 0.20005213378568465, 0.5783719816884645, 0.5783719816884645, 0.296462432999373, 0.3726116961920393, 0.29498927020080445, 0.20164199368710425, 0.2519746468824235]","[0.0, 0.0, 0.0, 0.0, 0.0, 0.0, 0.0, 0.0, 0.0, 0.0, 5.551115123125783e-17, 0.0, 0.0, 0.0, 0.0, 0.0, 0.0, 0.0, 2.7755575615628914e-17, 0.0, 0.0, 0.0, 0.0, 0.0, 0.0, 0.0, 0.0, 0.0, 0.0, 2.7755575615628914e-17, 0.0, 0.0, 0.0, 2.7755575615628914e-17, 0.0, 0.0, 0.0, 0.0, 0.0, 2.7755575615628914e-17, 0.0, 0.0, 0.0, 0.0, 0.0, 0.0, 0.0, 0.0, 0.0, 0.0, 0.0, 5.551115123125783e-17, 0.0, 5.551115123125783e-17, 0.0, 0.0, 5.551115123125783e-17, 0.0, 2.7755575615628914e-17, 0.0, 0.0, 2.7755575615628914e-17, 2.7755575615628914e-17, 0.0, 0.0, 2.7755575615628914e-17, 2.7755575615628914e-17, 0.0, 0.0, 0.0, 0.0, 0.0, 0.0, 0.0, 5.551115123125783e-17, 0.0, 0.0, 2.7755575615628914e-17, 2.7755575615628914e-17, 0.0, 0.0, 0.0, 0.0, 0.0, 0.0, 0.0, 0.0, 0.0, 0.0, 0.0, 5.551115123125783e-17, 2.7755575615628914e-17, 0.0, 2.7755575615628914e-17, 0.0, 0.0, 0.0, 0.0, 0.0, 0.0, 0.0, 0.0, 0.0, 2.7755575615628914e-17, 0.0, 0.0, 0.0, 0.0, 5.551115123125783e-17, 2.7755575615628914e-17, 0.0, 0.0, 2.7755575615628914e-17, 0.0, 0.0, 0.0, 0.0, 5.551115123125783e-17, 0.0, 2.7755575615628914e-17, 0.0]"
10,"{'alpha': 0.08700998653677938, 'l1_ratio': 0.0007426258851667897}",0.27562746174746766,"[0.26816492983808843, 0.31276186257169375, 0.26816492983808843, 0.31276186257169375, 0.5873259418443201, 0.666703354332652, 0.6597919343248977, 0.3297773748439405, 0.4339044988822234, 0.3297773748439405, 0.3540470753009697, 0.21067643747105524, 0.21067643747105524, 0.21182592768180233, 0.2941796074728077, 0.2941796074728077, 0.29219540934563426, 0.3075229490683429, 0.2087376654130436, 0.1348784173612691, 0.1568604126597687, 0.1568604126597687, 0.3017035600733477, 0.05264656302434512, 0.07763452759605399, 0.15576987384547597, 0.33362300625423263, 0.14090603747952513, 0.1967878303177518, 0.22046879202641065, 0.3432849154478834, 0.22730213447528194, 0.18457032988771402, 0.19659040357863447, 0.20634994300416543, 0.21833446042221716, 0.09869520700271123, 0.1890197285531993, 0.3600256877889876, 0.1853040318315601, 0.20180064046729607, 0.0384876965172109, 0.33108183571547345, 0.449774965392927, 0.24943951222836266, 0.2835489955039685, 0.3281131420674567, 0.2872148663937776, 0.43231333793790316, 0.2183425829058503, 0.31007337936538737, 0.4117032129852379, 0.2727218086040919, 0.352165740968225, 0.3065594817128475, 0.3272477929582653, 0.32648178821013385, 0.4102339551788403, 0.2475004997588275, 0.1867793892365687, 0.1867793892365687, 0.1750247429505588, 0.2475004997588275, 0.46594551613513097, 0.46594551613513097, 0.2471698093363747, 0.2471698093363747, 0.2966370776034482, 0.2698094395921602, 0.42344453709194935, 0.16808981487993604, 0.499179546561112, 0.09065166263957702, 0.10778535486858715, 0.33867857805438817, 0.37299034607580706, 0.3673030351888394, 0.22441991081508048, 0.19746085345300504, 0.3282983938283267, 0.29021885133707526, 0.2724169335135377, 0.28321618883370897, 0.2980847622128156, 0.2910315895173271, 0.326436733158155, 0.36556746493739944, 0.2910315895173271, 0.33594713313241426, 0.36556746493739944, 0.47149280060794374, 0.21385626269384958, 0.3149394591655107, 0.21385626269384958, 0.3149394591655107, 0.15543247075502636, 0.3266582285014763, 0.25707384641565145, 0.25176333865756095, 0.21941852224573574, 0.21941852224573574, 0.24945001546836232, 0.364570456362892, 0.23531605452643112, 0.3032930828541804, 0.0962632243598966, 0.4603050957101518, 0.33268636061324547, 0.39127456219931317, 0.20887662595146442, 0.27767325254308994, 0.27767325254308994, 0.2055124745977368, 0.21097400201703698, 0.5614172802837184, 0.5614172802837184, 0.2970950516462402, 0.3671377290848754, 0.2762385459098169, 0.21247249687150382, 0.2646835193757414]","[0.0, 0.0, 0.0, 0.0, 0.0, 0.0, 0.0, 0.0, 0.0, 0.0, 0.0, 0.0, 0.0, 2.7755575615628914e-17, 0.0, 0.0, 0.0, 0.0, 2.7755575615628914e-17, 0.0, 0.0, 0.0, 0.0, 0.0, 0.0, 0.0, 0.0, 0.0, 2.7755575615628914e-17, 2.7755575615628914e-17, 0.0, 0.0, 2.7755575615628914e-17, 2.7755575615628914e-17, 0.0, 0.0, 0.0, 2.7755575615628914e-17, 0.0, 2.7755575615628914e-17, 0.0, 0.0, 0.0, 0.0, 2.7755575615628914e-17, 0.0, 0.0, 0.0, 0.0, 0.0, 0.0, 5.551115123125783e-17, 0.0, 5.551115123125783e-17, 0.0, 0.0, 0.0, 0.0, 0.0, 2.7755575615628914e-17, 2.7755575615628914e-17, 0.0, 0.0, 5.551115123125783e-17, 5.551115123125783e-17, 0.0, 0.0, 0.0, 0.0, 5.551115123125783e-17, 2.7755575615628914e-17, 5.551115123125783e-17, 0.0, 0.0, 0.0, 0.0, 0.0, 0.0, 2.7755575615628914e-17, 0.0, 0.0, 0.0, 0.0, 0.0, 0.0, 0.0, 0.0, 0.0, 5.551115123125783e-17, 0.0, 0.0, 0.0, 0.0, 0.0, 0.0, 0.0, 0.0, 0.0, 0.0, 2.7755575615628914e-17, 2.7755575615628914e-17, 0.0, 0.0, 0.0, 0.0, 0.0, 0.0, 0.0, 0.0, 2.7755575615628914e-17, 0.0, 0.0, 0.0, 0.0, 0.0, 0.0, 0.0, 0.0, 0.0, 0.0, 0.0]"
11,"{'alpha': 0.08705390906483465, 'l1_ratio': 0.00013399615461228342}",0.2783053206366826,"[0.26839279279843953, 0.31318355229126477, 0.26839279279843953, 0.31318355229126477, 0.5893293798718884, 0.6693678472402956, 0.6619416890250435, 0.33012920442879334, 0.4336490837190054, 0.33012920442879334, 0.353764383781324, 0.21139774115253665, 0.21139774115253665, 0.20983249715804905, 0.29590385389232277, 0.29590385389232277, 0.2918684064518127, 0.30837775715157484, 0.20582620501555068, 0.1341681150674191, 0.15708560475614775, 0.15708560475614775, 0.3017485551570726, 0.051913617777966214, 0.07730339972680023, 0.15359239068299102, 0.33349346674511904, 0.13989003750722823, 0.19623756402793627, 0.22025010394637248, 0.3439482069617575, 0.22682276556459505, 0.18398246367674853, 0.1964124153334216, 0.20687490576596498, 0.2177271417630576, 0.0973437119365107, 0.18821178048959455, 0.36177643488950295, 0.18555011783905095, 0.2027534455849779, 0.037730944244212195, 0.3308951583510684, 0.45165032459851423, 0.25027327303335967, 0.2846631348610573, 0.3280727977804345, 0.2876175513597883, 0.4347143050307917, 0.21716802886232922, 0.30977958056667754, 0.4121217353776095, 0.27240020104746193, 0.35308420658607664, 0.30669598063811226, 0.32713346475287713, 0.3261128089482592, 0.41131883322638974, 0.24700984230188042, 0.18698328950495047, 0.18698328950495047, 0.17476327687565973, 0.24700984230188042, 0.46686927180879173, 0.46686927180879173, 0.24687354442961415, 0.24687354442961415, 0.2971250071296142, 0.2691876174022153, 0.4234589520446134, 0.1666563892872518, 0.5005404209905215, 0.09047350821337191, 0.10743664954555976, 0.3393614897779793, 0.37455182153067784, 0.36905159454403447, 0.22358298618702302, 0.1970731754327969, 0.32877882356282184, 0.2903625128345737, 0.27237105102854786, 0.2832641813696631, 0.29863393656172654, 0.29122318911295775, 0.32725537091011875, 0.36689093986261856, 0.29122318911295775, 0.3356427055404605, 0.36689093986261856, 0.47367628731998496, 0.21426001442113074, 0.31709546879334705, 0.21426001442113074, 0.31709546879334705, 0.154331453416497, 0.3287390831484688, 0.2562619423217688, 0.2503566136942046, 0.21935730455716987, 0.21935730455716987, 0.24969395625094848, 0.3651971754795212, 0.23580506661932213, 0.30482531201933005, 0.09405398624916494, 0.4606786851979379, 0.33212404921083677, 0.39065743061936287, 0.2087373507675029, 0.27722523361618645, 0.27722523361618645, 0.20436023402195932, 0.21016866843622584, 0.5630656365632373, 0.5630656365632373, 0.2969597861537454, 0.3671397967862982, 0.27556207097617735, 0.21415896316261038, 0.2657321182252076]","[0.0, 0.0, 0.0, 0.0, 0.0, 0.0, 0.0, 0.0, 0.0, 0.0, 0.0, 2.7755575615628914e-17, 2.7755575615628914e-17, 2.7755575615628914e-17, 0.0, 0.0, 0.0, 0.0, 2.7755575615628914e-17, 0.0, 0.0, 0.0, 0.0, 0.0, 0.0, 0.0, 0.0, 0.0, 2.7755575615628914e-17, 0.0, 5.551115123125783e-17, 2.7755575615628914e-17, 0.0, 2.7755575615628914e-17, 2.7755575615628914e-17, 2.7755575615628914e-17, 0.0, 2.7755575615628914e-17, 0.0, 0.0, 2.7755575615628914e-17, 0.0, 0.0, 0.0, 0.0, 0.0, 0.0, 0.0, 0.0, 0.0, 0.0, 0.0, 0.0, 0.0, 0.0, 0.0, 0.0, 0.0, 2.7755575615628914e-17, 0.0, 0.0, 0.0, 2.7755575615628914e-17, 5.551115123125783e-17, 5.551115123125783e-17, 0.0, 0.0, 0.0, 0.0, 0.0, 0.0, 0.0, 0.0, 0.0, 0.0, 5.551115123125783e-17, 0.0, 2.7755575615628914e-17, 0.0, 0.0, 0.0, 0.0, 0.0, 0.0, 0.0, 0.0, 0.0, 0.0, 0.0, 0.0, 0.0, 0.0, 0.0, 0.0, 0.0, 0.0, 0.0, 0.0, 0.0, 2.7755575615628914e-17, 2.7755575615628914e-17, 0.0, 5.551115123125783e-17, 0.0, 0.0, 0.0, 5.551115123125783e-17, 0.0, 0.0, 2.7755575615628914e-17, 0.0, 0.0, 2.7755575615628914e-17, 0.0, 0.0, 0.0, 0.0, 0.0, 0.0, 0.0, 0.0]"
12,"{'alpha': 0.09793127566646202, 'l1_ratio': 0.009306237482200615}",0.24376501892350863,"[0.2641115291928352, 0.3069786931748761, 0.2641115291928352, 0.3069786931748761, 0.5467923884894854, 0.6145131558818013, 0.609799191266909, 0.32405671761296884, 0.42415660887242446, 0.32405671761296884, 0.34825676129960353, 0.2091909672568805, 0.2091909672568805, 0.23770411282177592, 0.2733608114879903, 0.2733608114879903, 0.29626914782971425, 0.290475272116175, 0.2405775221564775, 0.1565796048895447, 0.16539329408070658, 0.16539329408070658, 0.2884592097675337, 0.07199118072841598, 0.09981526388348361, 0.18436409985094296, 0.3440211722816713, 0.16973917863404306, 0.21094012048775204, 0.22884792480421867, 0.33593026869856013, 0.2348167837784433, 0.20365012436387187, 0.20586980280598302, 0.20702225587735446, 0.22058610522334687, 0.12432716798051474, 0.203520642038128, 0.34199229428836725, 0.18715708822243482, 0.19968941931176296, 0.06619338926730595, 0.32976532631531663, 0.42854174286670627, 0.23440344595597126, 0.26799400379486854, 0.32446943071121953, 0.29595404357842625, 0.39487205343863235, 0.23889586108814678, 0.3199850383293328, 0.39615650983781175, 0.2744489017314292, 0.3364740199134104, 0.29751295755377755, 0.3178847185002021, 0.3235183978542156, 0.38643202315705444, 0.25241799904599777, 0.18193187126018484, 0.18193187126018484, 0.17995559832422722, 0.25241799904599777, 0.4529556003266068, 0.4529556003266068, 0.2574820853115959, 0.2574820853115959, 0.29360519026558285, 0.2755502167599434, 0.4112918604166455, 0.18718114057575472, 0.47769361183527886, 0.1136048044419089, 0.1268006557843277, 0.31653915874010863, 0.3482477802855726, 0.33925474247482307, 0.25178314422654247, 0.22387712056612688, 0.3358239472942395, 0.3037010298119151, 0.28726287727317995, 0.29896793668697524, 0.28342218522495133, 0.28660363006169653, 0.3134225655987685, 0.34611565984518816, 0.28660363006169653, 0.3318160580535916, 0.34611565984518816, 0.4406735520475687, 0.21236680529171603, 0.2820693642894657, 0.21236680529171603, 0.2820693642894657, 0.1819385654690816, 0.2956306077085917, 0.25898113607515083, 0.2601116732743179, 0.21968463646817263, 0.21968463646817263, 0.2475426972068034, 0.3472610386288307, 0.23423691267595026, 0.29264691769629114, 0.1281192489940367, 0.43877018007809016, 0.3383076661834175, 0.3940799717030193, 0.22003169597872377, 0.27303124336106394, 0.27303124336106394, 0.21351002655160442, 0.2236667283681418, 0.5294411952652045, 0.5294411952652045, 0.29666568347109523, 0.3588456925061238, 0.2781005760846663, 0.19705498623367204, 0.24882492597415795]","[0.0, 0.0, 0.0, 0.0, 0.0, 0.0, 0.0, 0.0, 0.0, 0.0, 0.0, 2.7755575615628914e-17, 2.7755575615628914e-17, 2.7755575615628914e-17, 0.0, 0.0, 0.0, 0.0, 2.7755575615628914e-17, 0.0, 0.0, 0.0, 0.0, 0.0, 0.0, 2.7755575615628914e-17, 0.0, 2.7755575615628914e-17, 2.7755575615628914e-17, 0.0, 0.0, 2.7755575615628914e-17, 0.0, 2.7755575615628914e-17, 0.0, 0.0, 0.0, 0.0, 0.0, 0.0, 0.0, 0.0, 0.0, 0.0, 0.0, 0.0, 0.0, 0.0, 5.551115123125783e-17, 2.7755575615628914e-17, 0.0, 5.551115123125783e-17, 0.0, 0.0, 0.0, 0.0, 0.0, 5.551115123125783e-17, 0.0, 0.0, 0.0, 2.7755575615628914e-17, 0.0, 0.0, 0.0, 0.0, 0.0, 0.0, 0.0, 0.0, 0.0, 0.0, 0.0, 0.0, 0.0, 0.0, 0.0, 0.0, 2.7755575615628914e-17, 0.0, 0.0, 0.0, 0.0, 0.0, 0.0, 0.0, 0.0, 0.0, 0.0, 0.0, 5.551115123125783e-17, 0.0, 0.0, 0.0, 0.0, 0.0, 0.0, 0.0, 0.0, 0.0, 0.0, 2.7755575615628914e-17, 5.551115123125783e-17, 0.0, 0.0, 0.0, 0.0, 0.0, 5.551115123125783e-17, 2.7755575615628914e-17, 0.0, 0.0, 2.7755575615628914e-17, 2.7755575615628914e-17, 0.0, 0.0, 0.0, 5.551115123125783e-17, 0.0, 2.7755575615628914e-17, 0.0]"
13,"{'alpha': 0.08254766883443619, 'l1_ratio': 0.006302071164980782}",0.25929863945980514,"[0.2671636545410638, 0.3105106515145339, 0.2671636545410638, 0.3105106515145339, 0.5762283824321526, 0.6505231719737221, 0.647646683372657, 0.32681270139031576, 0.4316916875021672, 0.32681270139031576, 0.35376696516329503, 0.20671588363639826, 0.20671588363639826, 0.22532739544126176, 0.2829284774833849, 0.2829284774833849, 0.29527781486834986, 0.3003710075302244, 0.2269227949728414, 0.14245646203403828, 0.1532965228345064, 0.1532965228345064, 0.3007684796792326, 0.05675733985448539, 0.08176789078496166, 0.1680050065937404, 0.33601457946165514, 0.14989424528729967, 0.20090734748778505, 0.22517162900034612, 0.3426983314103031, 0.23178881008672605, 0.1912554729120454, 0.20061919401748352, 0.20784211933237606, 0.21867345400815283, 0.10733570678501037, 0.19475198089743215, 0.3515990681433661, 0.18232370396267075, 0.19407708720237327, 0.04692373691246993, 0.32889573159141006, 0.4375027184465006, 0.24190523712071255, 0.276045926327779, 0.32879344656928816, 0.2872411335998255, 0.4184702704647296, 0.22602040491816022, 0.313493914113225, 0.4095711214940658, 0.27902420617373735, 0.35072904746985994, 0.3077042819033795, 0.3284178226456179, 0.33101213941389995, 0.4015395879251566, 0.2498896845576221, 0.18014626118298827, 0.18014626118298827, 0.17438301867168116, 0.2498896845576221, 0.4616994156865674, 0.4616994156865674, 0.24960362566176567, 0.24960362566176567, 0.29457227856248525, 0.274500318583432, 0.42400695682381245, 0.17917701260834207, 0.49403932475024, 0.09410301463809256, 0.10939610353210405, 0.3321948055828915, 0.3648335168588402, 0.3562513564020778, 0.23163590447944507, 0.20287728394657675, 0.32931961905299645, 0.29296773282533123, 0.276798160088889, 0.2865057955860315, 0.29540741785831215, 0.2883171435016829, 0.3224125579269509, 0.3591930168162501, 0.2883171435016829, 0.3367587232505202, 0.3591930168162501, 0.4556419046572078, 0.2131909893740708, 0.3009486649953319, 0.2131909893740708, 0.3009486649953319, 0.16368524900140513, 0.3131784842702081, 0.2598473618551884, 0.257859928382231, 0.22096380248201467, 0.22096380248201467, 0.2473997331915788, 0.36283746493815244, 0.23177115123476436, 0.2925429253965679, 0.10684287446801777, 0.45608470447068683, 0.33567826193512196, 0.3949586544744148, 0.2105365762495511, 0.27651283409148175, 0.27651283409148175, 0.20823668109300644, 0.214502343321005, 0.5501127786183867, 0.5501127786183867, 0.29706220314443776, 0.3655712281572308, 0.2817078247905859, 0.20134161906749007, 0.25361190964061614]","[0.0, 0.0, 0.0, 0.0, 0.0, 0.0, 0.0, 0.0, 5.551115123125783e-17, 0.0, 0.0, 0.0, 0.0, 0.0, 0.0, 0.0, 0.0, 0.0, 0.0, 0.0, 0.0, 0.0, 0.0, 0.0, 0.0, 0.0, 0.0, 0.0, 0.0, 2.7755575615628914e-17, 0.0, 0.0, 2.7755575615628914e-17, 0.0, 0.0, 2.7755575615628914e-17, 0.0, 2.7755575615628914e-17, 5.551115123125783e-17, 2.7755575615628914e-17, 0.0, 0.0, 0.0, 5.551115123125783e-17, 0.0, 0.0, 0.0, 0.0, 0.0, 0.0, 0.0, 0.0, 0.0, 0.0, 0.0, 0.0, 0.0, 0.0, 0.0, 0.0, 0.0, 0.0, 0.0, 5.551115123125783e-17, 5.551115123125783e-17, 0.0, 0.0, 0.0, 0.0, 0.0, 0.0, 0.0, 0.0, 0.0, 0.0, 0.0, 5.551115123125783e-17, 2.7755575615628914e-17, 0.0, 0.0, 0.0, 0.0, 0.0, 0.0, 0.0, 0.0, 0.0, 0.0, 0.0, 0.0, 0.0, 0.0, 0.0, 0.0, 0.0, 0.0, 0.0, 0.0, 0.0, 0.0, 0.0, 2.7755575615628914e-17, 5.551115123125783e-17, 0.0, 0.0, 0.0, 0.0, 0.0, 0.0, 2.7755575615628914e-17, 0.0, 0.0, 2.7755575615628914e-17, 2.7755575615628914e-17, 0.0, 0.0, 0.0, 5.551115123125783e-17, 0.0, 2.7755575615628914e-17, 0.0]"
15,"{'alpha': 0.06887956747032507, 'l1_ratio': 0.0005946551569885755}",0.2744754386974119,"[0.2690793834898555, 0.3139636550009673, 0.2690793834898555, 0.3139636550009673, 0.6118133649584914, 0.6943954040811723, 0.6916480120103513, 0.3302672226237538, 0.43353266458027706, 0.3302672226237538, 0.35550623412853316, 0.20945664395788743, 0.20945664395788743, 0.2038152173807505, 0.2990409103025815, 0.2990409103025815, 0.29373972555122235, 0.3132660371079348, 0.19896556126589263, 0.12657437849140918, 0.14650045094846953, 0.14650045094846953, 0.3130976944267072, 0.03742811254669598, 0.06497213211055264, 0.1419133964229498, 0.3337865460644571, 0.13062861609834764, 0.19217342190497635, 0.2250974234057251, 0.3558929782135129, 0.23078770255152167, 0.1802578154674238, 0.19741537797414122, 0.21374835232840328, 0.21632406568977114, 0.08544976800954651, 0.1830781503946989, 0.3744475993206802, 0.1815889960111393, 0.1945563181218325, 0.026706972349293423, 0.32686912846053084, 0.4592418248051325, 0.25174538569921334, 0.2876102372377491, 0.3302851649646988, 0.2850982564350635, 0.4536234488567607, 0.2095504237891702, 0.30418365652856666, 0.4217483254126034, 0.28396385004321095, 0.36893832409557614, 0.3168963473301263, 0.33770314928009304, 0.3349507052534451, 0.42052310378802077, 0.2461233383293674, 0.18099697683694646, 0.18099697683694646, 0.17406524918560906, 0.2461233383293674, 0.4712730305964506, 0.4712730305964506, 0.24509820521046732, 0.24509820521046732, 0.29866012577149414, 0.26905914689386756, 0.43386676020618853, 0.16696624702687904, 0.514264283030578, 0.08052670384549254, 0.09668331784146816, 0.3470534601883098, 0.38567543963858447, 0.37786394099453596, 0.210400673670475, 0.18405957552567287, 0.327624129107473, 0.28591007224741327, 0.2692016496828913, 0.2768935586337836, 0.31120295752656985, 0.29026052322927226, 0.336872940586842, 0.3784120184717738, 0.29026052322927226, 0.33999124076713044, 0.3784120184717738, 0.47959425897361524, 0.2194183210698981, 0.3311892942736343, 0.2194183210698981, 0.3311892942736343, 0.1409306873126298, 0.34038036110050224, 0.25488519150048494, 0.24953565675385372, 0.22211416226995237, 0.22211416226995237, 0.2454982952961763, 0.3798297151360204, 0.22887424808579782, 0.3020508040982176, 0.07892135714403464, 0.472818508668275, 0.32993154159185134, 0.39372210754681786, 0.204404358505805, 0.2781787463893378, 0.2781787463893378, 0.19817635039963508, 0.20304520023954198, 0.5752248870266592, 0.5752248870266592, 0.29593532271959694, 0.36979761465237865, 0.2821476396764557, 0.21471337246582378, 0.26435549354508114]","[0.0, 0.0, 0.0, 0.0, 0.0, 0.0, 1.1102230246251565e-16, 0.0, 0.0, 0.0, 0.0, 0.0, 0.0, 2.7755575615628914e-17, 0.0, 0.0, 0.0, 0.0, 2.7755575615628914e-17, 0.0, 0.0, 0.0, 0.0, 0.0, 0.0, 0.0, 0.0, 0.0, 2.7755575615628914e-17, 2.7755575615628914e-17, 0.0, 0.0, 0.0, 0.0, 0.0, 0.0, 0.0, 2.7755575615628914e-17, 0.0, 2.7755575615628914e-17, 0.0, 0.0, 0.0, 5.551115123125783e-17, 0.0, 0.0, 0.0, 0.0, 0.0, 2.7755575615628914e-17, 0.0, 0.0, 0.0, 0.0, 0.0, 0.0, 0.0, 5.551115123125783e-17, 0.0, 2.7755575615628914e-17, 2.7755575615628914e-17, 0.0, 0.0, 5.551115123125783e-17, 5.551115123125783e-17, 0.0, 0.0, 0.0, 0.0, 0.0, 2.7755575615628914e-17, 0.0, 0.0, 0.0, 5.551115123125783e-17, 5.551115123125783e-17, 5.551115123125783e-17, 0.0, 0.0, 0.0, 0.0, 0.0, 0.0, 0.0, 0.0, 5.551115123125783e-17, 0.0, 0.0, 0.0, 0.0, 0.0, 0.0, 0.0, 0.0, 0.0, 0.0, 0.0, 0.0, 2.7755575615628914e-17, 2.7755575615628914e-17, 2.7755575615628914e-17, 0.0, 0.0, 0.0, 0.0, 0.0, 0.0, 0.0, 0.0, 2.7755575615628914e-17, 0.0, 0.0, 2.7755575615628914e-17, 0.0, 0.0, 0.0, 0.0, 5.551115123125783e-17, 0.0, 0.0, 0.0]"
18,"{'alpha': 0.05689667528090529, 'l1_ratio': 0.020513158626191852}",0.2435849091251223,"[0.2630882023557093, 0.3053613265036945, 0.2630882023557093, 0.3053613265036945, 0.5851248165913034, 0.6531431981337952, 0.6598630334905463, 0.3221662466981146, 0.42421098102591775, 0.3221662466981146, 0.35159769698577387, 0.1967276308284239, 0.1967276308284239, 0.23612499953410293, 0.27010374647021573, 0.27010374647021573, 0.3020916548701922, 0.29508863602007124, 0.24577061912081102, 0.14536461468883227, 0.14434771703564303, 0.14434771703564303, 0.31069348433924604, 0.04276392817901542, 0.07164907348424271, 0.1719661253695212, 0.3438519164140164, 0.15628740075362468, 0.2043587102135068, 0.236752916958593, 0.35483910850205946, 0.24235275345119497, 0.1987588737209048, 0.2090649453032242, 0.21828164488475843, 0.22028452903746568, 0.10888652554637157, 0.1973503969367506, 0.35303010325339307, 0.17381933219976964, 0.1774006321765459, 0.04124685197715361, 0.3203294882690261, 0.4325163187958232, 0.23052937359551484, 0.2689994268825253, 0.331224467866248, 0.28992546290117194, 0.4159640865495798, 0.22647012199074665, 0.3173000007330825, 0.412236526018769, 0.2971603185180753, 0.36482866185425994, 0.3182938788289606, 0.34275463502652603, 0.3448436809076941, 0.4032204385364184, 0.24961965200014125, 0.1698939146096979, 0.1698939146096979, 0.18146182782625442, 0.24961965200014125, 0.46687645537652483, 0.46687645537652483, 0.25681193544282205, 0.25681193544282205, 0.2943830139246377, 0.27966237237340913, 0.4331907007187216, 0.18765789319591164, 0.5003468963922327, 0.09184241420888534, 0.10636573848037945, 0.3281301625479198, 0.3613090161445724, 0.3503411838315977, 0.2332746869913472, 0.20280303571059496, 0.3362538214237116, 0.2979804745125912, 0.2810082646145807, 0.28991219464335816, 0.30356751338201543, 0.283103928060418, 0.3252455864379862, 0.36107140915430397, 0.283103928060418, 0.34197625296956446, 0.36107140915430397, 0.4474474966165993, 0.22035274898068816, 0.2948777178848558, 0.22035274898068816, 0.2948777178848558, 0.162628368492981, 0.30721990945526256, 0.25416504649551463, 0.25897957981899566, 0.2236799809154311, 0.2236799809154311, 0.24351283319584083, 0.37412196573560436, 0.21403675065271163, 0.27618002356697724, 0.10423599255947641, 0.45922098669558425, 0.33701502286987783, 0.4054259381712762, 0.20394159580305782, 0.2754437232195647, 0.2754437232195647, 0.20731321133918465, 0.2092482440328168, 0.5508620947583612, 0.5508620947583612, 0.3014405816149009, 0.36733467161205896, 0.2940869558222853, 0.1869360203221806, 0.23919722835486748]","[0.0, 0.0, 0.0, 0.0, 0.0, 0.0, 0.0, 0.0, 0.0, 0.0, 0.0, 2.7755575615628914e-17, 2.7755575615628914e-17, 0.0, 0.0, 0.0, 0.0, 0.0, 2.7755575615628914e-17, 0.0, 0.0, 0.0, 0.0, 0.0, 0.0, 2.7755575615628914e-17, 0.0, 0.0, 2.7755575615628914e-17, 0.0, 0.0, 2.7755575615628914e-17, 2.7755575615628914e-17, 0.0, 0.0, 2.7755575615628914e-17, 0.0, 0.0, 0.0, 0.0, 0.0, 0.0, 0.0, 0.0, 0.0, 0.0, 0.0, 0.0, 0.0, 0.0, 0.0, 0.0, 0.0, 0.0, 0.0, 0.0, 5.551115123125783e-17, 0.0, 0.0, 2.7755575615628914e-17, 2.7755575615628914e-17, 0.0, 0.0, 0.0, 0.0, 0.0, 0.0, 0.0, 0.0, 5.551115123125783e-17, 0.0, 0.0, 0.0, 0.0, 0.0, 5.551115123125783e-17, 0.0, 2.7755575615628914e-17, 0.0, 5.551115123125783e-17, 0.0, 0.0, 0.0, 0.0, 0.0, 0.0, 5.551115123125783e-17, 0.0, 0.0, 5.551115123125783e-17, 0.0, 2.7755575615628914e-17, 0.0, 2.7755575615628914e-17, 0.0, 0.0, 0.0, 0.0, 0.0, 0.0, 0.0, 0.0, 5.551115123125783e-17, 0.0, 0.0, 0.0, 5.551115123125783e-17, 0.0, 5.551115123125783e-17, 0.0, 0.0, 0.0, 0.0, 2.7755575615628914e-17, 0.0, 0.0, 0.0, 0.0, 0.0, 0.0, 2.7755575615628914e-17]"
